musk-2,RandF,test,1,NANOSECONDS,PREDICTIONS, Generated by Experiments.java on 2022-02-22 01:57:09
No parameter info
0.9706060606060606,6521919400,397788500,-1,74637240,2,,-1,-1,unknown,unknown,-1.0,-1.0,-1,0
0,0,,0.986,0.014,,238800,,
0,0,,1,0,,219800,,
0,0,,0.996,0.004,,153300,,
0,0,,0.996,0.004,,142400,,
0,0,,0.864,0.136,,212900,,
0,0,,0.794,0.206,,278100,,
0,0,,1,0,,139900,,
0,0,,0.88,0.12,,123500,,
0,0,,0.9,0.1,,241100,,
0,0,,0.96,0.04,,129800,,
0,0,,0.964,0.036,,167500,,
0,0,,1,0,,105800,,
0,0,,1,0,,98400,,
0,0,,0.978,0.022,,133000,,
0,0,,0.996,0.004,,109700,,
0,0,,0.998,0.002,,91100,,
0,0,,0.978,0.022,,132000,,
0,0,,0.994,0.006,,84100,,
0,0,,0.958,0.042,,96000,,
0,0,,0.596,0.404,,187700,,
0,0,,0.994,0.006,,89200,,
0,0,,0.976,0.024,,108300,,
0,0,,0.762,0.238,,199500,,
0,0,,0.892,0.108,,163200,,
0,0,,0.998,0.002,,92700,,
0,0,,0.898,0.102,,156100,,
0,0,,1,0,,88200,,
0,0,,0.996,0.004,,87400,,
0,0,,1,0,,108000,,
0,0,,0.994,0.006,,101100,,
0,0,,1,0,,117600,,
0,0,,0.884,0.116,,129300,,
0,0,,0.946,0.054,,146700,,
0,0,,0.988,0.012,,106500,,
0,0,,0.992,0.008,,86300,,
0,0,,0.988,0.012,,100700,,
0,0,,0.994,0.006,,93600,,
0,0,,0.854,0.146,,171700,,
0,0,,0.986,0.014,,106500,,
0,0,,0.882,0.118,,160000,,
0,0,,0.772,0.228,,195700,,
0,0,,0.972,0.028,,107100,,
0,0,,0.998,0.002,,135100,,
0,0,,0.992,0.008,,108000,,
0,0,,0.974,0.026,,98900,,
0,0,,0.992,0.008,,79400,,
0,0,,0.994,0.006,,96000,,
0,0,,0.992,0.008,,90500,,
0,0,,0.996,0.004,,115200,,
0,0,,0.938,0.062,,215000,,
0,0,,0.998,0.002,,109800,,
0,0,,0.988,0.012,,100900,,
0,0,,0.998,0.002,,97700,,
0,0,,0.972,0.028,,94900,,
0,0,,1,0,,104000,,
0,0,,0.972,0.028,,98400,,
0,0,,0.838,0.162,,242300,,
0,0,,0.998,0.002,,102600,,
0,0,,0.982,0.018,,107200,,
0,0,,0.824,0.176,,187900,,
0,0,,0.628,0.372,,187500,,
0,0,,0.982,0.018,,120000,,
0,0,,0.98,0.02,,99800,,
0,0,,1,0,,100200,,
0,0,,0.994,0.006,,104600,,
0,0,,0.994,0.006,,94400,,
0,0,,0.782,0.218,,174300,,
0,0,,0.992,0.008,,92800,,
0,0,,0.996,0.004,,124000,,
0,0,,0.998,0.002,,102500,,
0,0,,1,0,,93400,,
0,0,,0.848,0.152,,130500,,
0,0,,1,0,,101500,,
0,0,,0.996,0.004,,79900,,
0,0,,1,0,,81500,,
0,0,,1,0,,80500,,
0,0,,0.988,0.012,,104200,,
0,0,,0.99,0.01,,97400,,
0,0,,0.968,0.032,,97600,,
0,0,,0.988,0.012,,127000,,
0,0,,0.996,0.004,,101100,,
0,0,,0.996,0.004,,80300,,
0,0,,0.97,0.03,,104500,,
0,0,,0.892,0.108,,159700,,
0,0,,0.986,0.014,,92900,,
0,0,,0.998,0.002,,85800,,
0,0,,1,0,,118300,,
0,0,,0.998,0.002,,99500,,
0,0,,0.982,0.018,,106400,,
0,0,,0.998,0.002,,101200,,
0,0,,0.664,0.336,,194400,,
0,0,,0.978,0.022,,107100,,
0,0,,0.996,0.004,,136300,,
0,0,,1,0,,110800,,
0,0,,0.986,0.014,,100400,,
0,0,,0.968,0.032,,113600,,
0,0,,0.93,0.07,,106600,,
0,0,,1,0,,90200,,
0,0,,0.994,0.006,,124200,,
0,0,,0.998,0.002,,110900,,
0,1,,0.36,0.64,,174000,,
0,0,,0.764,0.236,,256100,,
0,0,,0.988,0.012,,94900,,
0,0,,0.842,0.158,,196000,,
0,0,,0.868,0.132,,153300,,
0,0,,0.768,0.232,,207300,,
0,0,,0.988,0.012,,105400,,
0,0,,0.996,0.004,,93800,,
0,0,,0.896,0.104,,197500,,
0,0,,0.994,0.006,,91000,,
0,0,,0.92,0.08,,202500,,
0,0,,0.998,0.002,,85800,,
0,0,,0.954,0.046,,173200,,
0,0,,0.976,0.024,,108900,,
0,0,,0.982,0.018,,91100,,
0,0,,0.996,0.004,,74400,,
0,0,,0.988,0.012,,99100,,
0,0,,0.998,0.002,,128700,,
0,0,,1,0,,106300,,
0,0,,0.954,0.046,,191900,,
0,0,,0.996,0.004,,89600,,
0,0,,0.948,0.052,,104800,,
0,0,,0.99,0.01,,97200,,
0,0,,1,0,,77700,,
0,0,,0.998,0.002,,99000,,
0,0,,0.932,0.068,,154600,,
0,0,,1,0,,109000,,
0,0,,0.996,0.004,,94200,,
0,0,,0.736,0.264,,200400,,
0,0,,1,0,,93100,,
0,0,,0.98,0.02,,93000,,
0,0,,0.898,0.102,,138600,,
0,0,,1,0,,96300,,
0,0,,1,0,,76000,,
0,0,,0.878,0.122,,153800,,
0,0,,0.994,0.006,,97800,,
0,0,,1,0,,124600,,
0,0,,0.904,0.096,,195800,,
0,0,,0.866,0.134,,195800,,
0,0,,0.998,0.002,,83300,,
0,0,,0.998,0.002,,111100,,
0,0,,1,0,,93100,,
0,0,,0.988,0.012,,87300,,
0,0,,0.742,0.258,,208300,,
0,0,,0.992,0.008,,114700,,
0,0,,1,0,,89800,,
0,0,,0.982,0.018,,94900,,
0,0,,1,0,,70500,,
0,0,,0.992,0.008,,78400,,
0,0,,1,0,,113800,,
0,0,,1,0,,95900,,
0,0,,0.986,0.014,,88200,,
0,0,,0.868,0.132,,120400,,
0,0,,0.986,0.014,,97600,,
0,0,,0.96,0.04,,163500,,
0,0,,1,0,,126400,,
0,0,,1,0,,90100,,
0,0,,1,0,,83700,,
0,0,,0.994,0.006,,91700,,
0,0,,0.994,0.006,,97500,,
0,0,,0.99,0.01,,128300,,
0,0,,0.996,0.004,,108900,,
0,0,,0.866,0.134,,274700,,
0,0,,0.99,0.01,,142800,,
0,0,,0.996,0.004,,100700,,
0,0,,0.996,0.004,,81700,,
0,0,,0.994,0.006,,130200,,
0,0,,0.988,0.012,,117000,,
0,0,,0.994,0.006,,99200,,
0,0,,0.896,0.104,,186600,,
0,0,,0.998,0.002,,102200,,
0,0,,0.99,0.01,,104200,,
0,0,,0.998,0.002,,113600,,
0,0,,1,0,,104000,,
0,0,,0.94,0.06,,184400,,
0,0,,0.948,0.052,,111400,,
0,0,,0.902,0.098,,116700,,
0,0,,0.96,0.04,,112800,,
0,0,,0.964,0.036,,102900,,
0,0,,0.916,0.084,,186400,,
0,0,,0.992,0.008,,93000,,
0,0,,0.976,0.024,,106300,,
0,0,,0.988,0.012,,76800,,
0,0,,0.978,0.022,,99100,,
0,0,,0.998,0.002,,109300,,
0,0,,1,0,,109800,,
0,0,,0.998,0.002,,94200,,
0,0,,0.768,0.232,,243000,,
0,0,,0.762,0.238,,219700,,
0,0,,0.994,0.006,,95300,,
0,0,,0.984,0.016,,97800,,
0,0,,1,0,,96800,,
0,0,,0.996,0.004,,92300,,
0,0,,0.994,0.006,,83600,,
0,0,,0.88,0.12,,198800,,
0,0,,0.996,0.004,,86700,,
0,0,,0.996,0.004,,97500,,
0,0,,0.942,0.058,,190300,,
0,0,,0.998,0.002,,92100,,
0,0,,0.944,0.056,,116300,,
0,0,,0.86,0.14,,193400,,
0,0,,0.936,0.064,,111600,,
0,0,,0.998,0.002,,92100,,
0,0,,0.974,0.026,,134100,,
0,0,,0.98,0.02,,101600,,
0,0,,0.96,0.04,,94600,,
0,0,,0.996,0.004,,116000,,
0,0,,0.554,0.446,,211600,,
0,0,,0.634,0.366,,194100,,
0,0,,1,0,,105700,,
0,0,,0.84,0.16,,141100,,
0,0,,0.994,0.006,,101300,,
0,0,,0.95,0.05,,188800,,
0,0,,0.858,0.142,,120400,,
0,0,,1,0,,95600,,
0,0,,0.998,0.002,,69700,,
0,0,,0.994,0.006,,78000,,
0,0,,0.996,0.004,,76800,,
0,0,,0.736,0.264,,219300,,
0,0,,1,0,,109400,,
0,0,,0.96,0.04,,102500,,
0,0,,1,0,,101100,,
0,0,,0.988,0.012,,90600,,
0,0,,1,0,,71600,,
0,0,,0.936,0.064,,182000,,
0,0,,0.994,0.006,,87500,,
0,0,,1,0,,85100,,
0,0,,0.884,0.116,,166200,,
0,0,,0.834,0.166,,178100,,
0,0,,0.998,0.002,,133800,,
0,0,,0.994,0.006,,101200,,
0,0,,1,0,,92000,,
0,0,,0.992,0.008,,89500,,
0,0,,0.9,0.1,,165200,,
0,0,,0.996,0.004,,94000,,
0,0,,1,0,,97300,,
0,0,,0.992,0.008,,83600,,
0,0,,1,0,,87500,,
0,0,,0.836,0.164,,127300,,
0,0,,0.934,0.066,,89800,,
0,0,,0.996,0.004,,86900,,
0,0,,0.982,0.018,,108300,,
0,0,,0.99,0.01,,78600,,
0,0,,0.986,0.014,,99400,,
0,0,,0.966,0.034,,111700,,
0,0,,0.96,0.04,,92900,,
0,0,,0.994,0.006,,75400,,
0,0,,0.99,0.01,,97200,,
0,0,,0.996,0.004,,113600,,
0,0,,1,0,,108400,,
0,0,,0.978,0.022,,89900,,
0,0,,0.996,0.004,,104000,,
0,0,,0.982,0.018,,89900,,
0,0,,0.998,0.002,,72600,,
0,0,,1,0,,80800,,
0,0,,0.964,0.036,,110300,,
0,0,,0.956,0.044,,160300,,
0,0,,0.766,0.234,,166800,,
0,0,,0.996,0.004,,84800,,
0,0,,0.858,0.142,,217100,,
0,0,,0.67,0.33,,174900,,
0,0,,0.992,0.008,,88100,,
0,0,,1,0,,107500,,
0,0,,0.99,0.01,,90800,,
0,0,,0.97,0.03,,103200,,
0,0,,1,0,,75500,,
0,0,,0.958,0.042,,96100,,
0,0,,0.982,0.018,,107600,,
0,0,,1,0,,108900,,
0,0,,0.976,0.024,,120600,,
0,0,,0.984,0.016,,92800,,
0,0,,0.998,0.002,,85600,,
0,0,,0.924,0.076,,151900,,
0,0,,0.96,0.04,,130400,,
0,0,,0.986,0.014,,88800,,
0,0,,0.828,0.172,,120200,,
0,0,,0.994,0.006,,91100,,
0,0,,0.992,0.008,,83900,,
0,0,,0.83,0.17,,176300,,
0,0,,0.978,0.022,,101400,,
0,0,,0.998,0.002,,79400,,
0,0,,0.964,0.036,,97800,,
0,0,,0.778,0.222,,190800,,
0,0,,0.964,0.036,,91400,,
0,0,,0.996,0.004,,111500,,
0,0,,0.956,0.044,,138200,,
0,0,,0.972,0.028,,99300,,
0,0,,0.996,0.004,,97600,,
0,0,,0.966,0.034,,95100,,
0,0,,0.994,0.006,,119000,,
0,0,,0.734,0.266,,158900,,
0,0,,1,0,,76800,,
0,0,,1,0,,77100,,
0,0,,0.998,0.002,,76500,,
0,0,,0.798,0.202,,125600,,
0,0,,0.994,0.006,,101900,,
0,0,,0.998,0.002,,75800,,
0,0,,0.988,0.012,,95500,,
0,0,,0.968,0.032,,87300,,
0,0,,0.846,0.154,,185200,,
0,0,,0.996,0.004,,84200,,
0,0,,1,0,,102500,,
0,0,,0.998,0.002,,94400,,
0,0,,0.998,0.002,,78300,,
0,0,,0.994,0.006,,83100,,
0,0,,0.994,0.006,,90500,,
0,0,,0.96,0.04,,84200,,
0,0,,0.972,0.028,,76100,,
0,0,,1,0,,72000,,
0,0,,0.98,0.02,,98300,,
0,0,,0.576,0.424,,198500,,
0,0,,1,0,,111400,,
0,0,,0.984,0.016,,102900,,
0,0,,0.996,0.004,,106600,,
0,0,,0.996,0.004,,90400,,
0,0,,0.994,0.006,,93000,,
0,0,,0.984,0.016,,96200,,
0,0,,1,0,,91600,,
0,0,,1,0,,83400,,
0,0,,0.998,0.002,,100400,,
0,0,,0.998,0.002,,88400,,
0,0,,0.812,0.188,,231800,,
0,0,,0.994,0.006,,111000,,
0,0,,1,0,,107200,,
0,0,,0.988,0.012,,100800,,
0,0,,0.856,0.144,,207300,,
0,0,,1,0,,99900,,
0,0,,0.998,0.002,,80300,,
0,0,,0.896,0.104,,191300,,
0,0,,0.972,0.028,,94100,,
0,0,,0.992,0.008,,79500,,
0,0,,0.996,0.004,,108600,,
0,0,,0.964,0.036,,87400,,
0,0,,0.964,0.036,,94600,,
0,0,,0.958,0.042,,164400,,
0,0,,0.988,0.012,,98900,,
0,0,,0.958,0.042,,146300,,
0,0,,0.958,0.042,,90700,,
0,0,,0.942,0.058,,136100,,
0,0,,1,0,,78100,,
0,0,,0.794,0.206,,175800,,
0,0,,0.95,0.05,,134100,,
0,0,,1,0,,120400,,
0,0,,0.998,0.002,,99700,,
0,0,,1,0,,75800,,
0,0,,0.994,0.006,,89800,,
0,0,,0.9,0.1,,108000,,
0,0,,0.76,0.24,,204600,,
0,0,,0.996,0.004,,83400,,
0,0,,0.998,0.002,,97900,,
0,0,,0.984,0.016,,87200,,
0,0,,0.992,0.008,,87500,,
0,0,,0.948,0.052,,178800,,
0,0,,0.98,0.02,,91200,,
0,0,,0.946,0.054,,159300,,
0,0,,1,0,,114700,,
0,0,,0.9,0.1,,163200,,
0,0,,0.984,0.016,,125300,,
0,0,,0.998,0.002,,84800,,
0,0,,1,0,,92400,,
0,0,,0.998,0.002,,96300,,
0,0,,0.978,0.022,,145400,,
0,0,,1,0,,109500,,
0,0,,0.988,0.012,,130600,,
0,0,,0.996,0.004,,99900,,
0,0,,0.844,0.156,,176400,,
0,0,,0.996,0.004,,78400,,
0,0,,0.958,0.042,,202300,,
0,0,,0.998,0.002,,142800,,
0,0,,0.982,0.018,,88700,,
0,0,,0.992,0.008,,92200,,
0,0,,0.988,0.012,,93400,,
0,0,,0.814,0.186,,211600,,
0,0,,0.986,0.014,,89200,,
0,0,,0.938,0.062,,116600,,
0,0,,0.994,0.006,,79100,,
0,0,,0.998,0.002,,70100,,
0,0,,0.95,0.05,,116100,,
0,0,,0.822,0.178,,181800,,
0,0,,0.984,0.016,,86900,,
0,0,,0.992,0.008,,93800,,
0,0,,0.984,0.016,,91500,,
0,0,,0.962,0.038,,154400,,
0,0,,1,0,,75200,,
0,0,,0.988,0.012,,87700,,
0,0,,0.984,0.016,,89900,,
0,0,,0.976,0.024,,100500,,
0,0,,0.996,0.004,,67700,,
0,0,,0.992,0.008,,74900,,
0,0,,0.998,0.002,,110700,,
0,0,,0.996,0.004,,138700,,
0,0,,1,0,,75700,,
0,0,,0.998,0.002,,68200,,
0,0,,0.95,0.05,,115500,,
0,0,,0.936,0.064,,109000,,
0,0,,0.98,0.02,,89900,,
0,0,,0.99,0.01,,88600,,
0,0,,1,0,,89300,,
0,0,,0.988,0.012,,91700,,
0,0,,0.992,0.008,,100500,,
0,0,,0.868,0.132,,124300,,
0,0,,0.998,0.002,,99800,,
0,0,,0.964,0.036,,94900,,
0,0,,1,0,,92300,,
0,0,,0.982,0.018,,76800,,
0,0,,0.992,0.008,,90400,,
0,0,,0.904,0.096,,125800,,
0,0,,0.736,0.264,,184300,,
0,0,,0.998,0.002,,136600,,
0,0,,1,0,,89500,,
0,0,,0.998,0.002,,81300,,
0,0,,0.994,0.006,,66900,,
0,0,,0.98,0.02,,101000,,
0,0,,1,0,,105700,,
0,0,,0.998,0.002,,94100,,
0,0,,0.944,0.056,,177100,,
0,0,,0.806,0.194,,266400,,
0,0,,1,0,,97600,,
0,0,,1,0,,78200,,
0,0,,0.748,0.252,,194000,,
0,0,,1,0,,103000,,
0,0,,0.95,0.05,,156800,,
0,0,,0.996,0.004,,99200,,
0,0,,0.872,0.128,,197300,,
0,0,,0.924,0.076,,122500,,
0,0,,0.982,0.018,,100100,,
0,0,,0.828,0.172,,189300,,
0,0,,0.906,0.094,,137100,,
0,0,,0.96,0.04,,122000,,
0,0,,0.788,0.212,,196900,,
0,0,,0.98,0.02,,107600,,
0,0,,1,0,,108800,,
0,0,,0.966,0.034,,146500,,
0,0,,0.98,0.02,,93200,,
0,0,,0.996,0.004,,83300,,
0,0,,0.996,0.004,,105500,,
0,0,,0.984,0.016,,86800,,
0,0,,0.998,0.002,,82100,,
0,0,,0.966,0.034,,128800,,
0,0,,1,0,,93800,,
0,0,,0.984,0.016,,92100,,
0,0,,0.992,0.008,,94500,,
0,0,,0.996,0.004,,96700,,
0,0,,0.998,0.002,,122200,,
0,0,,1,0,,117600,,
0,0,,1,0,,85400,,
0,0,,0.994,0.006,,89100,,
0,0,,0.996,0.004,,78900,,
0,0,,0.994,0.006,,102000,,
0,0,,0.996,0.004,,83700,,
0,0,,1,0,,86500,,
0,0,,0.824,0.176,,185500,,
0,0,,0.996,0.004,,90700,,
0,0,,0.928,0.072,,115600,,
0,0,,0.984,0.016,,93200,,
0,0,,0.998,0.002,,70200,,
0,0,,0.992,0.008,,102900,,
0,0,,0.994,0.006,,98500,,
0,0,,0.984,0.016,,103200,,
0,0,,0.998,0.002,,75700,,
0,0,,1,0,,87200,,
0,0,,0.996,0.004,,84600,,
0,0,,0.992,0.008,,73800,,
0,0,,0.858,0.142,,188000,,
0,0,,0.918,0.082,,213200,,
0,0,,1,0,,94400,,
0,0,,1,0,,119700,,
0,0,,0.96,0.04,,161600,,
0,0,,0.958,0.042,,115200,,
0,0,,0.996,0.004,,80300,,
0,0,,1,0,,92900,,
0,0,,1,0,,89000,,
0,0,,0.996,0.004,,74100,,
0,0,,0.954,0.046,,81600,,
0,0,,1,0,,92900,,
0,0,,0.96,0.04,,92100,,
0,0,,0.994,0.006,,71100,,
0,0,,0.996,0.004,,97500,,
0,0,,0.984,0.016,,92700,,
0,0,,0.982,0.018,,110300,,
0,0,,0.976,0.024,,89100,,
0,0,,1,0,,77600,,
0,0,,0.936,0.064,,124400,,
0,0,,0.998,0.002,,73300,,
0,0,,0.994,0.006,,86600,,
0,0,,0.994,0.006,,91900,,
0,0,,0.906,0.094,,97400,,
0,1,,0.368,0.632,,171100,,
0,0,,0.996,0.004,,99900,,
0,0,,1,0,,71400,,
0,0,,0.702,0.298,,188000,,
0,0,,0.966,0.034,,91300,,
0,0,,0.996,0.004,,89500,,
0,0,,0.788,0.212,,180100,,
0,0,,0.884,0.116,,157900,,
0,0,,1,0,,101700,,
0,0,,0.992,0.008,,82200,,
0,0,,0.996,0.004,,88900,,
0,0,,1,0,,89400,,
0,0,,0.948,0.052,,88200,,
0,0,,0.984,0.016,,81100,,
0,0,,0.972,0.028,,85100,,
0,0,,0.928,0.072,,120200,,
0,0,,0.996,0.004,,72600,,
0,0,,0.99,0.01,,87200,,
0,0,,0.988,0.012,,89600,,
0,0,,0.996,0.004,,121000,,
0,0,,0.992,0.008,,97200,,
0,0,,0.966,0.034,,96200,,
0,0,,1,0,,74400,,
0,0,,0.976,0.024,,70700,,
0,0,,0.998,0.002,,75500,,
0,0,,0.966,0.034,,133700,,
0,0,,0.964,0.036,,95700,,
0,0,,0.964,0.036,,86700,,
0,0,,1,0,,100100,,
0,0,,0.724,0.276,,215900,,
0,0,,0.998,0.002,,83700,,
0,0,,0.99,0.01,,97000,,
0,0,,0.88,0.12,,177800,,
0,0,,1,0,,100800,,
0,0,,0.996,0.004,,128400,,
0,0,,0.994,0.006,,98700,,
0,0,,0.998,0.002,,69200,,
0,0,,1,0,,95000,,
0,0,,1,0,,96400,,
0,0,,0.83,0.17,,145600,,
0,0,,0.996,0.004,,98900,,
0,0,,0.996,0.004,,100700,,
0,0,,0.996,0.004,,94500,,
0,0,,0.912,0.088,,90400,,
0,0,,0.996,0.004,,77100,,
0,0,,1,0,,84900,,
0,0,,0.878,0.122,,169700,,
0,0,,1,0,,105300,,
0,0,,0.978,0.022,,104900,,
0,0,,0.948,0.052,,93000,,
0,0,,1,0,,81600,,
0,0,,0.982,0.018,,97900,,
0,0,,0.992,0.008,,81100,,
0,0,,1,0,,81100,,
0,0,,0.996,0.004,,83500,,
0,0,,1,0,,88400,,
0,0,,0.95,0.05,,88300,,
0,0,,1,0,,85100,,
0,0,,0.996,0.004,,81300,,
0,0,,0.986,0.014,,83000,,
0,0,,1,0,,68100,,
0,0,,0.93,0.07,,163300,,
0,0,,1,0,,80800,,
0,0,,1,0,,66500,,
0,0,,0.998,0.002,,84700,,
0,0,,0.948,0.052,,93600,,
0,0,,0.972,0.028,,93500,,
0,0,,0.972,0.028,,93700,,
0,0,,0.792,0.208,,129000,,
0,0,,0.966,0.034,,90300,,
0,0,,0.974,0.026,,90900,,
0,0,,0.984,0.016,,93600,,
0,0,,0.994,0.006,,75800,,
0,0,,1,0,,98200,,
0,0,,0.962,0.038,,90600,,
0,0,,0.978,0.022,,97300,,
0,0,,0.768,0.232,,189100,,
0,0,,0.968,0.032,,101300,,
0,0,,0.824,0.176,,212600,,
0,0,,0.982,0.018,,132500,,
0,0,,0.998,0.002,,103100,,
0,0,,0.72,0.28,,185700,,
0,0,,0.994,0.006,,96400,,
0,0,,0.994,0.006,,128100,,
0,0,,0.998,0.002,,86200,,
0,0,,0.956,0.044,,113400,,
0,0,,1,0,,74200,,
0,0,,0.994,0.006,,88500,,
0,0,,0.758,0.242,,144600,,
0,0,,1,0,,70500,,
0,0,,0.998,0.002,,86300,,
0,0,,0.994,0.006,,81700,,
0,0,,0.998,0.002,,106800,,
0,0,,0.95,0.05,,182300,,
0,0,,0.994,0.006,,86400,,
0,0,,0.994,0.006,,99800,,
0,0,,0.996,0.004,,110700,,
0,0,,0.97,0.03,,96000,,
0,0,,1,0,,89200,,
0,0,,0.99,0.01,,83200,,
0,0,,0.99,0.01,,91000,,
0,0,,1,0,,95900,,
0,0,,0.52,0.48,,159600,,
0,0,,0.998,0.002,,114700,,
0,0,,0.994,0.006,,101900,,
0,0,,0.538,0.462,,202000,,
0,0,,0.99,0.01,,92600,,
0,0,,0.986,0.014,,76700,,
0,0,,0.988,0.012,,95000,,
0,0,,0.952,0.048,,84900,,
0,0,,0.788,0.212,,235400,,
0,0,,1,0,,85000,,
0,0,,0.996,0.004,,86900,,
0,0,,0.87,0.13,,133500,,
0,0,,0.998,0.002,,86700,,
0,0,,0.994,0.006,,83200,,
0,0,,0.854,0.146,,120700,,
0,0,,0.996,0.004,,80600,,
0,0,,0.978,0.022,,96000,,
0,0,,0.996,0.004,,73000,,
0,0,,0.98,0.02,,96900,,
0,0,,0.994,0.006,,72400,,
0,0,,0.996,0.004,,110200,,
0,0,,0.998,0.002,,83900,,
0,0,,1,0,,92600,,
0,0,,0.912,0.088,,163800,,
0,0,,0.988,0.012,,100100,,
0,0,,0.986,0.014,,83900,,
0,0,,1,0,,73000,,
0,0,,0.98,0.02,,87100,,
0,0,,1,0,,119800,,
0,0,,0.998,0.002,,72000,,
0,0,,1,0,,90700,,
0,0,,1,0,,98300,,
0,0,,0.996,0.004,,85700,,
0,0,,0.99,0.01,,101500,,
0,0,,1,0,,65000,,
0,0,,1,0,,117900,,
0,0,,0.97,0.03,,92400,,
0,0,,0.988,0.012,,92100,,
0,0,,0.942,0.058,,75700,,
0,0,,0.992,0.008,,65200,,
0,0,,0.996,0.004,,98500,,
0,0,,0.986,0.014,,88100,,
0,0,,0.954,0.046,,130200,,
0,0,,1,0,,106300,,
0,0,,1,0,,70000,,
0,0,,0.764,0.236,,237900,,
0,0,,1,0,,74800,,
0,0,,0.996,0.004,,78700,,
0,0,,0.984,0.016,,93300,,
0,0,,0.994,0.006,,73700,,
0,0,,0.996,0.004,,92800,,
0,0,,0.982,0.018,,94600,,
0,0,,1,0,,110600,,
0,0,,0.986,0.014,,101800,,
0,0,,1,0,,78900,,
0,0,,0.716,0.284,,211800,,
0,0,,0.976,0.024,,114200,,
0,0,,0.862,0.138,,150700,,
0,0,,0.98,0.02,,98900,,
0,0,,0.99,0.01,,89400,,
0,0,,1,0,,112700,,
0,0,,1,0,,91500,,
0,0,,1,0,,92200,,
0,0,,0.992,0.008,,87000,,
0,0,,0.998,0.002,,92800,,
0,0,,1,0,,112300,,
0,0,,0.952,0.048,,98400,,
0,0,,0.94,0.06,,164300,,
0,0,,1,0,,84300,,
0,0,,0.994,0.006,,78000,,
0,0,,1,0,,125400,,
0,0,,0.95,0.05,,239400,,
0,0,,0.546,0.454,,215700,,
0,0,,1,0,,96100,,
0,0,,1,0,,123400,,
0,0,,0.998,0.002,,95500,,
0,0,,0.876,0.124,,180500,,
0,0,,0.966,0.034,,109900,,
0,0,,0.986,0.014,,94700,,
0,0,,0.996,0.004,,95500,,
0,0,,0.99,0.01,,82800,,
0,0,,1,0,,69700,,
0,0,,0.82,0.18,,196100,,
0,0,,0.982,0.018,,96800,,
0,0,,0.986,0.014,,133700,,
0,0,,0.924,0.076,,143300,,
0,0,,0.994,0.006,,91500,,
0,0,,1,0,,76200,,
0,0,,0.958,0.042,,111800,,
0,0,,0.992,0.008,,91200,,
0,0,,1,0,,85700,,
0,0,,0.992,0.008,,107000,,
0,0,,0.992,0.008,,95000,,
0,0,,0.828,0.172,,207500,,
0,0,,1,0,,80400,,
0,0,,0.958,0.042,,117900,,
0,0,,0.956,0.044,,112000,,
0,0,,0.994,0.006,,77100,,
0,0,,1,0,,71500,,
0,0,,0.998,0.002,,63500,,
0,0,,0.762,0.238,,186800,,
0,0,,1,0,,87700,,
0,0,,0.992,0.008,,80500,,
0,0,,0.992,0.008,,75400,,
0,0,,0.736,0.264,,198300,,
0,0,,0.956,0.044,,110800,,
0,0,,0.994,0.006,,87000,,
0,0,,0.998,0.002,,78300,,
0,0,,0.998,0.002,,126400,,
0,0,,0.986,0.014,,109200,,
0,0,,0.992,0.008,,80700,,
0,0,,1,0,,72300,,
0,0,,0.998,0.002,,93300,,
0,0,,1,0,,84000,,
0,0,,0.996,0.004,,78400,,
0,0,,0.99,0.01,,85000,,
0,0,,0.996,0.004,,86700,,
0,0,,0.994,0.006,,92000,,
0,0,,1,0,,103300,,
0,0,,0.996,0.004,,94100,,
0,0,,0.962,0.038,,95600,,
0,0,,0.998,0.002,,102400,,
0,0,,0.99,0.01,,86700,,
0,0,,1,0,,92500,,
0,0,,0.998,0.002,,80900,,
0,0,,0.872,0.128,,201000,,
0,0,,0.992,0.008,,82500,,
0,0,,0.998,0.002,,78700,,
0,0,,1,0,,65700,,
0,0,,0.712,0.288,,235300,,
0,0,,0.904,0.096,,161700,,
0,0,,0.998,0.002,,83400,,
0,0,,0.994,0.006,,81000,,
0,0,,0.986,0.014,,102600,,
0,0,,0.994,0.006,,90600,,
0,0,,0.99,0.01,,90000,,
0,0,,0.996,0.004,,76600,,
0,0,,0.712,0.288,,260300,,
0,0,,0.802,0.198,,187000,,
0,0,,0.996,0.004,,82700,,
0,0,,0.984,0.016,,101800,,
0,0,,1,0,,129800,,
0,0,,0.994,0.006,,95500,,
0,0,,0.98,0.02,,103500,,
0,0,,0.99,0.01,,95100,,
0,0,,0.984,0.016,,78700,,
0,0,,0.904,0.096,,190800,,
0,0,,0.998,0.002,,91200,,
0,0,,0.996,0.004,,105300,,
0,0,,0.996,0.004,,90800,,
0,0,,0.896,0.104,,158500,,
0,0,,0.99,0.01,,78200,,
0,0,,0.992,0.008,,88000,,
0,0,,1,0,,105200,,
0,0,,0.986,0.014,,104200,,
0,0,,0.99,0.01,,70200,,
0,0,,0.998,0.002,,72000,,
0,0,,1,0,,97600,,
0,0,,0.702,0.298,,181500,,
0,0,,1,0,,80000,,
0,0,,0.992,0.008,,75200,,
0,0,,1,0,,94500,,
0,0,,0.988,0.012,,74600,,
0,0,,1,0,,64500,,
0,0,,0.974,0.026,,92700,,
0,0,,0.854,0.146,,159600,,
0,0,,0.996,0.004,,95200,,
0,0,,0.968,0.032,,87200,,
0,0,,0.994,0.006,,72700,,
0,0,,0.996,0.004,,103900,,
0,0,,0.87,0.13,,134300,,
0,0,,0.978,0.022,,120800,,
0,0,,1,0,,69600,,
0,0,,0.872,0.128,,110300,,
0,0,,0.948,0.052,,93500,,
0,0,,0.998,0.002,,91200,,
0,0,,0.898,0.102,,186900,,
0,0,,0.974,0.026,,99000,,
0,0,,1,0,,83100,,
0,0,,0.996,0.004,,87000,,
0,0,,0.982,0.018,,80700,,
0,0,,1,0,,97700,,
0,0,,0.984,0.016,,87900,,
0,0,,0.998,0.002,,109200,,
0,0,,1,0,,65600,,
0,0,,1,0,,85600,,
0,0,,0.842,0.158,,217800,,
0,0,,0.962,0.038,,99300,,
0,0,,0.998,0.002,,92800,,
0,0,,0.888,0.112,,162000,,
0,0,,0.996,0.004,,114600,,
0,0,,1,0,,84600,,
0,0,,0.988,0.012,,92700,,
0,0,,0.962,0.038,,98600,,
0,0,,0.998,0.002,,86000,,
0,0,,1,0,,84100,,
0,0,,1,0,,77000,,
0,0,,0.884,0.116,,182700,,
0,0,,0.99,0.01,,96500,,
0,0,,0.992,0.008,,83500,,
0,0,,0.992,0.008,,122400,,
0,0,,1,0,,84400,,
0,0,,0.996,0.004,,80200,,
0,0,,0.998,0.002,,105300,,
0,0,,1,0,,84700,,
0,0,,1,0,,89000,,
0,0,,0.874,0.126,,128900,,
0,0,,0.994,0.006,,94500,,
0,0,,0.986,0.014,,97900,,
0,0,,0.992,0.008,,92800,,
0,0,,0.998,0.002,,84800,,
0,0,,0.976,0.024,,157700,,
0,0,,0.998,0.002,,90700,,
0,0,,0.98,0.02,,90800,,
0,0,,1,0,,104300,,
0,0,,1,0,,69200,,
0,0,,0.974,0.026,,81100,,
0,0,,0.996,0.004,,79900,,
0,0,,0.998,0.002,,76500,,
0,0,,0.988,0.012,,128900,,
0,0,,1,0,,101700,,
0,0,,0.984,0.016,,107100,,
0,0,,0.97,0.03,,84600,,
0,0,,0.988,0.012,,84400,,
0,0,,1,0,,84000,,
0,0,,0.988,0.012,,106500,,
0,0,,0.878,0.122,,195400,,
0,0,,0.976,0.024,,131800,,
0,0,,0.994,0.006,,92400,,
0,0,,0.99,0.01,,81300,,
0,0,,1,0,,88200,,
0,0,,1,0,,110100,,
0,0,,0.992,0.008,,99100,,
0,0,,0.858,0.142,,209300,,
0,0,,0.992,0.008,,107700,,
0,0,,0.994,0.006,,87400,,
0,0,,1,0,,69000,,
0,0,,0.984,0.016,,107000,,
0,0,,0.916,0.084,,172500,,
0,0,,1,0,,99800,,
0,0,,1,0,,80500,,
0,0,,0.976,0.024,,88000,,
0,0,,0.958,0.042,,99700,,
0,0,,0.984,0.016,,92300,,
0,0,,0.998,0.002,,78800,,
0,0,,0.996,0.004,,94100,,
0,0,,0.99,0.01,,94100,,
0,0,,0.998,0.002,,73400,,
0,0,,0.996,0.004,,83200,,
0,0,,0.994,0.006,,86100,,
0,0,,0.992,0.008,,77800,,
0,0,,0.86,0.14,,149500,,
0,0,,0.832,0.168,,124400,,
0,0,,0.996,0.004,,92800,,
0,0,,0.996,0.004,,90600,,
0,0,,0.998,0.002,,68400,,
0,0,,1,0,,81700,,
0,0,,0.774,0.226,,202700,,
0,0,,0.918,0.082,,105700,,
0,0,,0.992,0.008,,104500,,
0,0,,1,0,,89900,,
0,0,,0.992,0.008,,95500,,
0,0,,1,0,,82800,,
0,0,,1,0,,96800,,
0,0,,0.998,0.002,,81600,,
0,0,,0.996,0.004,,104600,,
0,0,,0.982,0.018,,95000,,
0,0,,0.99,0.01,,93600,,
0,0,,0.906,0.094,,109800,,
0,0,,0.998,0.002,,146000,,
0,0,,0.9,0.1,,143500,,
0,0,,1,0,,102300,,
0,0,,0.994,0.006,,96800,,
0,0,,0.992,0.008,,85800,,
0,0,,0.996,0.004,,95900,,
0,0,,0.992,0.008,,85100,,
0,0,,0.978,0.022,,111900,,
0,0,,1,0,,92900,,
0,0,,0.998,0.002,,77600,,
0,0,,0.936,0.064,,190500,,
0,0,,0.97,0.03,,107400,,
0,0,,0.992,0.008,,93700,,
0,0,,1,0,,77600,,
0,0,,0.942,0.058,,229100,,
0,0,,1,0,,106500,,
0,0,,0.858,0.142,,198900,,
0,0,,0.604,0.396,,180600,,
0,0,,0.986,0.014,,91900,,
0,0,,0.908,0.092,,203900,,
0,0,,0.966,0.034,,107300,,
0,0,,0.992,0.008,,84900,,
0,0,,1,0,,102600,,
0,0,,0.978,0.022,,91300,,
0,0,,0.994,0.006,,81100,,
0,0,,0.982,0.018,,101900,,
0,0,,0.994,0.006,,79200,,
0,0,,0.82,0.18,,189300,,
0,0,,0.992,0.008,,102300,,
0,0,,0.994,0.006,,91700,,
0,0,,1,0,,74800,,
0,0,,0.932,0.068,,136800,,
0,0,,0.988,0.012,,95000,,
0,0,,0.7,0.3,,187300,,
0,0,,0.96,0.04,,108300,,
0,0,,0.996,0.004,,95300,,
0,0,,1,0,,109200,,
0,0,,0.792,0.208,,167500,,
0,0,,0.804,0.196,,149000,,
0,0,,1,0,,101000,,
0,0,,0.794,0.206,,130700,,
0,0,,1,0,,75100,,
0,0,,0.864,0.136,,174400,,
0,0,,1,0,,88000,,
0,0,,0.848,0.152,,175900,,
0,0,,0.998,0.002,,83400,,
0,0,,0.93,0.07,,149600,,
0,0,,1,0,,98700,,
0,0,,0.948,0.052,,153100,,
0,0,,1,0,,80500,,
0,0,,0.97,0.03,,97800,,
0,0,,0.998,0.002,,126700,,
0,0,,1,0,,85400,,
0,0,,0.986,0.014,,93100,,
0,0,,0.99,0.01,,88100,,
0,0,,0.99,0.01,,126700,,
0,0,,0.838,0.162,,177900,,
0,0,,0.854,0.146,,201800,,
0,0,,0.548,0.452,,192500,,
0,0,,0.998,0.002,,106500,,
0,0,,1,0,,104500,,
0,0,,0.842,0.158,,162400,,
0,0,,0.992,0.008,,99600,,
0,0,,1,0,,104600,,
0,0,,0.912,0.088,,98600,,
0,0,,0.998,0.002,,86900,,
0,0,,0.79,0.21,,141400,,
0,0,,0.886,0.114,,196000,,
0,0,,0.956,0.044,,87900,,
0,0,,0.994,0.006,,79100,,
0,0,,0.992,0.008,,76400,,
0,0,,0.81,0.19,,158600,,
0,0,,1,0,,129700,,
0,0,,0.996,0.004,,104600,,
0,0,,0.998,0.002,,76000,,
0,0,,0.986,0.014,,107400,,
0,0,,0.992,0.008,,83300,,
0,0,,0.992,0.008,,75300,,
0,0,,1,0,,93600,,
0,0,,0.998,0.002,,76400,,
0,0,,0.968,0.032,,109100,,
0,0,,0.956,0.044,,114000,,
0,0,,1,0,,112200,,
0,0,,0.99,0.01,,93900,,
0,0,,0.958,0.042,,83000,,
0,0,,0.742,0.258,,180800,,
0,0,,0.99,0.01,,78300,,
0,0,,0.992,0.008,,87600,,
0,0,,0.986,0.014,,104900,,
0,0,,0.806,0.194,,195700,,
0,0,,0.99,0.01,,77400,,
0,0,,0.998,0.002,,120100,,
0,0,,0.996,0.004,,150800,,
0,0,,1,0,,154900,,
0,0,,0.964,0.036,,306300,,
0,0,,0.976,0.024,,172600,,
0,0,,0.994,0.006,,171800,,
0,0,,1,0,,253800,,
0,0,,0.996,0.004,,253800,,
0,0,,0.784,0.216,,370300,,
0,0,,1,0,,200600,,
0,0,,0.998,0.002,,175900,,
0,0,,0.978,0.022,,154600,,
0,0,,0.98,0.02,,148500,,
0,0,,0.848,0.152,,314300,,
0,0,,0.986,0.014,,182900,,
0,0,,0.998,0.002,,135600,,
0,0,,0.996,0.004,,160400,,
0,0,,0.862,0.138,,283000,,
0,0,,0.994,0.006,,143700,,
0,0,,0.854,0.146,,275800,,
0,0,,1,0,,201400,,
0,0,,0.99,0.01,,151500,,
0,0,,0.996,0.004,,125800,,
0,0,,0.97,0.03,,190400,,
0,0,,0.998,0.002,,187300,,
0,0,,0.902,0.098,,252800,,
0,0,,0.998,0.002,,166000,,
0,0,,0.894,0.106,,283200,,
0,0,,1,0,,143900,,
0,0,,0.998,0.002,,141800,,
0,0,,0.986,0.014,,156400,,
0,0,,0.974,0.026,,221800,,
0,0,,0.922,0.078,,236800,,
0,0,,0.97,0.03,,170300,,
0,0,,0.99,0.01,,162400,,
0,0,,0.91,0.09,,234600,,
0,0,,1,0,,178400,,
0,0,,0.998,0.002,,153200,,
0,0,,0.998,0.002,,125800,,
0,0,,0.97,0.03,,181800,,
0,0,,0.892,0.108,,270200,,
0,1,,0.428,0.572,,217600,,
0,0,,0.922,0.078,,192300,,
0,0,,0.998,0.002,,166600,,
0,0,,0.986,0.014,,150300,,
0,0,,0.996,0.004,,113100,,
0,0,,0.994,0.006,,112100,,
0,0,,0.712,0.288,,244200,,
0,0,,1,0,,187600,,
0,0,,0.996,0.004,,162700,,
0,0,,0.892,0.108,,273800,,
0,0,,0.758,0.242,,181400,,
0,0,,1,0,,98700,,
0,0,,1,0,,93900,,
0,0,,1,0,,92300,,
0,0,,0.956,0.044,,206600,,
0,0,,0.878,0.122,,157800,,
0,0,,0.994,0.006,,141100,,
0,0,,0.838,0.162,,152500,,
0,0,,1,0,,93800,,
0,0,,0.994,0.006,,104800,,
0,0,,0.952,0.048,,169800,,
0,0,,0.996,0.004,,87700,,
0,0,,0.998,0.002,,110700,,
0,0,,0.984,0.016,,96800,,
0,0,,1,0,,94100,,
0,0,,0.966,0.034,,114100,,
0,0,,0.994,0.006,,96100,,
0,0,,1,0,,117700,,
0,0,,0.608,0.392,,192300,,
0,0,,0.998,0.002,,92500,,
0,0,,0.9,0.1,,189200,,
0,0,,0.96,0.04,,163600,,
0,1,,0.484,0.516,,194800,,
0,0,,0.998,0.002,,112900,,
0,0,,0.856,0.144,,213600,,
0,0,,0.79,0.21,,179700,,
0,0,,0.988,0.012,,122300,,
0,0,,0.998,0.002,,92400,,
0,0,,0.938,0.062,,160100,,
0,0,,0.842,0.158,,219900,,
0,0,,0.704,0.296,,230400,,
0,0,,0.842,0.158,,174500,,
0,0,,0.974,0.026,,119200,,
0,0,,1,0,,103800,,
0,0,,1,0,,120800,,
0,0,,0.988,0.012,,111900,,
0,0,,0.986,0.014,,109800,,
0,0,,0.918,0.082,,160200,,
0,0,,1,0,,113500,,
0,0,,0.696,0.304,,199000,,
0,0,,0.98,0.02,,136000,,
0,0,,0.928,0.072,,201900,,
0,0,,0.968,0.032,,124300,,
0,0,,1,0,,158900,,
0,0,,1,0,,131100,,
0,0,,0.984,0.016,,138500,,
0,0,,0.812,0.188,,209900,,
0,0,,0.75,0.25,,253600,,
0,0,,0.598,0.402,,234800,,
0,0,,0.986,0.014,,115100,,
0,0,,0.998,0.002,,92500,,
0,0,,1,0,,152900,,
0,0,,0.972,0.028,,131300,,
0,0,,0.966,0.034,,126400,,
0,0,,0.996,0.004,,134100,,
0,0,,0.996,0.004,,131100,,
0,0,,0.986,0.014,,116700,,
0,0,,0.994,0.006,,116400,,
0,0,,0.98,0.02,,109900,,
0,0,,0.97,0.03,,100200,,
0,0,,0.786,0.214,,136300,,
0,0,,0.956,0.044,,149100,,
0,0,,0.986,0.014,,122600,,
0,0,,0.996,0.004,,105800,,
0,0,,0.976,0.024,,144700,,
0,0,,0.988,0.012,,106100,,
0,0,,0.844,0.156,,249800,,
0,0,,0.992,0.008,,111300,,
0,0,,0.992,0.008,,134200,,
0,0,,0.988,0.012,,133500,,
0,0,,1,0,,123500,,
0,0,,0.64,0.36,,228800,,
0,0,,1,0,,130700,,
0,0,,0.996,0.004,,129400,,
0,0,,0.996,0.004,,113900,,
0,0,,0.982,0.018,,136900,,
0,0,,0.996,0.004,,136500,,
0,0,,0.956,0.044,,119800,,
0,0,,1,0,,91600,,
0,0,,0.892,0.108,,207400,,
0,0,,0.778,0.222,,148800,,
0,0,,0.99,0.01,,107500,,
0,0,,0.998,0.002,,110800,,
0,0,,0.986,0.014,,101000,,
0,0,,0.994,0.006,,123800,,
0,0,,0.994,0.006,,105200,,
0,0,,0.58,0.42,,254200,,
0,0,,0.986,0.014,,120800,,
0,0,,0.998,0.002,,92400,,
0,0,,0.992,0.008,,156900,,
0,0,,0.974,0.026,,117300,,
0,0,,0.998,0.002,,115300,,
0,0,,0.998,0.002,,107900,,
0,0,,0.996,0.004,,109600,,
0,0,,0.93,0.07,,158800,,
0,0,,1,0,,116400,,
0,0,,0.956,0.044,,239500,,
0,0,,0.972,0.028,,108700,,
0,0,,0.894,0.106,,228200,,
0,0,,0.998,0.002,,118500,,
0,0,,0.99,0.01,,112500,,
0,0,,0.998,0.002,,149400,,
0,0,,1,0,,102100,,
0,0,,0.996,0.004,,106400,,
0,0,,0.998,0.002,,134200,,
0,0,,0.972,0.028,,124200,,
0,0,,1,0,,120700,,
0,0,,0.998,0.002,,92200,,
0,0,,0.99,0.01,,103400,,
0,0,,0.83,0.17,,263500,,
0,0,,0.966,0.034,,114300,,
0,0,,1,0,,137700,,
0,0,,0.986,0.014,,151600,,
0,0,,1,0,,98600,,
0,0,,0.906,0.094,,211000,,
0,0,,0.998,0.002,,124500,,
0,0,,0.904,0.096,,142000,,
0,0,,0.992,0.008,,96700,,
0,0,,1,0,,148800,,
0,0,,0.998,0.002,,111400,,
0,0,,0.994,0.006,,88100,,
0,0,,1,0,,137700,,
0,0,,0.998,0.002,,91800,,
0,0,,1,0,,116200,,
0,0,,0.944,0.056,,217300,,
0,0,,0.998,0.002,,121200,,
0,0,,0.682,0.318,,233800,,
0,0,,0.96,0.04,,139300,,
0,0,,0.998,0.002,,119700,,
0,0,,0.996,0.004,,124100,,
0,0,,0.948,0.052,,160700,,
0,0,,0.996,0.004,,116500,,
0,0,,0.992,0.008,,116900,,
0,0,,1,0,,99900,,
0,0,,0.998,0.002,,93900,,
0,0,,1,0,,90300,,
0,0,,0.996,0.004,,112600,,
0,0,,1,0,,94700,,
0,0,,0.93,0.07,,188900,,
0,0,,0.976,0.024,,133600,,
0,0,,0.99,0.01,,113000,,
0,0,,0.962,0.038,,126400,,
0,0,,0.926,0.074,,144300,,
0,0,,0.998,0.002,,124500,,
0,0,,0.994,0.006,,140100,,
0,0,,0.994,0.006,,101200,,
0,0,,0.966,0.034,,101500,,
0,0,,0.996,0.004,,105700,,
0,0,,0.992,0.008,,111500,,
0,0,,0.998,0.002,,94700,,
0,0,,1,0,,93000,,
0,0,,0.766,0.234,,210400,,
0,0,,0.948,0.052,,260100,,
0,0,,0.992,0.008,,109900,,
0,0,,1,0,,137100,,
0,0,,0.992,0.008,,161300,,
0,0,,0.994,0.006,,115500,,
0,0,,0.978,0.022,,127800,,
0,0,,0.668,0.332,,226200,,
0,0,,0.996,0.004,,115000,,
0,0,,0.798,0.202,,167600,,
0,0,,1,0,,127500,,
0,0,,0.996,0.004,,106100,,
0,0,,0.97,0.03,,114600,,
0,0,,0.994,0.006,,137200,,
0,0,,1,0,,106300,,
0,0,,0.98,0.02,,125300,,
0,0,,0.64,0.36,,244500,,
0,0,,1,0,,122100,,
0,0,,0.954,0.046,,215200,,
0,0,,0.884,0.116,,238100,,
0,0,,0.998,0.002,,123300,,
0,0,,1,0,,117300,,
0,0,,0.978,0.022,,115800,,
0,0,,0.996,0.004,,102900,,
0,0,,0.994,0.006,,111400,,
0,0,,0.994,0.006,,119000,,
0,0,,0.992,0.008,,115400,,
0,0,,0.996,0.004,,123600,,
0,0,,0.996,0.004,,109600,,
0,0,,0.946,0.054,,190800,,
0,0,,0.902,0.098,,210400,,
0,0,,0.994,0.006,,124200,,
0,0,,0.998,0.002,,97400,,
0,0,,0.992,0.008,,134500,,
0,0,,0.966,0.034,,121700,,
0,0,,0.956,0.044,,180900,,
0,0,,0.994,0.006,,106900,,
0,0,,0.974,0.026,,146600,,
0,0,,1,0,,153400,,
0,0,,0.998,0.002,,104200,,
0,0,,0.998,0.002,,112500,,
0,0,,0.982,0.018,,135200,,
0,0,,0.806,0.194,,174400,,
0,0,,0.992,0.008,,130300,,
0,0,,0.978,0.022,,110300,,
0,0,,0.702,0.298,,273800,,
0,0,,0.998,0.002,,149800,,
0,0,,0.968,0.032,,144100,,
0,0,,0.986,0.014,,120300,,
0,0,,0.762,0.238,,230900,,
0,0,,0.998,0.002,,107800,,
0,0,,0.94,0.06,,132000,,
0,0,,1,0,,89000,,
0,0,,1,0,,108400,,
0,0,,0.878,0.122,,195400,,
0,0,,0.998,0.002,,137500,,
0,0,,0.882,0.118,,177500,,
0,0,,0.98,0.02,,135700,,
0,0,,0.986,0.014,,113000,,
0,0,,1,0,,132800,,
0,0,,0.824,0.176,,219400,,
0,0,,0.998,0.002,,114300,,
0,0,,1,0,,110400,,
0,0,,0.996,0.004,,114300,,
0,0,,0.996,0.004,,95900,,
0,0,,0.994,0.006,,112200,,
0,0,,0.994,0.006,,96900,,
0,0,,0.994,0.006,,114500,,
0,0,,0.994,0.006,,81300,,
0,0,,0.996,0.004,,99900,,
0,0,,0.99,0.01,,111000,,
0,0,,0.82,0.18,,223600,,
0,0,,0.898,0.102,,220100,,
0,0,,0.98,0.02,,108000,,
0,0,,0.922,0.078,,154800,,
0,0,,0.986,0.014,,96900,,
0,0,,0.864,0.136,,219800,,
0,0,,1,0,,110700,,
0,0,,0.962,0.038,,157600,,
0,0,,0.91,0.09,,176300,,
0,0,,0.996,0.004,,102400,,
0,0,,0.764,0.236,,181900,,
0,0,,0.892,0.108,,223900,,
0,0,,0.872,0.128,,190300,,
0,0,,0.984,0.016,,97100,,
0,0,,0.96,0.04,,109900,,
0,0,,0.992,0.008,,118300,,
0,0,,0.998,0.002,,115900,,
0,0,,0.626,0.374,,183400,,
0,0,,0.974,0.026,,111600,,
0,0,,0.988,0.012,,105200,,
0,0,,0.994,0.006,,104100,,
0,0,,0.982,0.018,,117500,,
0,0,,0.942,0.058,,150800,,
0,0,,0.968,0.032,,109100,,
0,0,,0.98,0.02,,94100,,
0,0,,0.998,0.002,,99600,,
0,0,,1,0,,94600,,
0,0,,0.782,0.218,,181000,,
0,0,,0.906,0.094,,180000,,
0,0,,0.808,0.192,,167900,,
0,0,,1,0,,113800,,
0,0,,0.986,0.014,,106900,,
0,0,,0.99,0.01,,92600,,
0,0,,0.874,0.126,,169200,,
0,0,,0.972,0.028,,128800,,
0,0,,0.974,0.026,,126400,,
0,0,,0.82,0.18,,130300,,
0,0,,1,0,,106900,,
0,0,,0.994,0.006,,91200,,
0,0,,0.906,0.094,,174000,,
0,0,,0.986,0.014,,101300,,
0,0,,0.996,0.004,,75500,,
0,0,,0.904,0.096,,134000,,
0,0,,1,0,,92300,,
0,0,,1,0,,100600,,
0,0,,0.994,0.006,,118400,,
0,0,,0.992,0.008,,106400,,
0,0,,0.99,0.01,,92100,,
0,0,,0.964,0.036,,87100,,
0,0,,0.932,0.068,,99400,,
0,0,,0.992,0.008,,100200,,
0,0,,0.99,0.01,,92500,,
0,0,,1,0,,86600,,
0,0,,0.982,0.018,,102500,,
0,0,,1,0,,135400,,
0,0,,0.876,0.124,,308400,,
0,0,,0.98,0.02,,148400,,
0,0,,0.998,0.002,,107000,,
0,0,,0.998,0.002,,105100,,
0,0,,0.996,0.004,,101000,,
0,0,,0.99,0.01,,102600,,
0,0,,0.946,0.054,,100300,,
0,0,,0.99,0.01,,104700,,
0,0,,0.988,0.012,,84300,,
0,0,,0.99,0.01,,86900,,
0,0,,1,0,,86200,,
0,0,,0.996,0.004,,81200,,
0,0,,1,0,,127000,,
0,0,,0.996,0.004,,82200,,
0,0,,0.654,0.346,,247200,,
0,0,,0.978,0.022,,96100,,
0,0,,0.998,0.002,,146500,,
0,0,,0.994,0.006,,107800,,
0,0,,0.922,0.078,,206900,,
0,0,,0.988,0.012,,100800,,
0,0,,1,0,,88600,,
0,0,,0.986,0.014,,93400,,
0,0,,0.826,0.174,,221800,,
0,0,,0.756,0.244,,176900,,
0,0,,0.99,0.01,,105200,,
0,0,,1,0,,89300,,
0,0,,1,0,,104900,,
0,0,,0.906,0.094,,107700,,
0,0,,0.998,0.002,,90700,,
0,0,,0.996,0.004,,78500,,
0,0,,1,0,,70800,,
0,0,,0.912,0.088,,101100,,
0,0,,0.996,0.004,,127200,,
0,0,,0.994,0.006,,105200,,
0,0,,0.992,0.008,,102500,,
0,0,,0.87,0.13,,183200,,
0,0,,1,0,,88300,,
0,0,,1,0,,106300,,
0,0,,0.992,0.008,,110700,,
0,0,,0.994,0.006,,83800,,
0,0,,0.994,0.006,,88800,,
0,0,,0.99,0.01,,82700,,
0,0,,0.95,0.05,,184700,,
0,0,,0.986,0.014,,95400,,
0,0,,0.988,0.012,,100400,,
0,0,,0.976,0.024,,104100,,
0,0,,0.892,0.108,,101100,,
0,0,,0.98,0.02,,97700,,
0,0,,0.74,0.26,,235900,,
0,0,,1,0,,106100,,
0,0,,0.986,0.014,,100200,,
0,0,,0.982,0.018,,109200,,
0,0,,0.998,0.002,,85700,,
0,0,,0.994,0.006,,84100,,
0,0,,0.954,0.046,,104300,,
0,0,,0.938,0.062,,176000,,
0,0,,1,0,,94000,,
0,0,,0.998,0.002,,84900,,
0,0,,0.998,0.002,,102900,,
0,0,,0.998,0.002,,122200,,
0,0,,0.994,0.006,,90800,,
0,0,,0.892,0.108,,195400,,
0,0,,0.912,0.088,,174600,,
0,0,,0.99,0.01,,99800,,
0,0,,0.954,0.046,,152700,,
0,0,,0.99,0.01,,101200,,
0,0,,0.982,0.018,,84600,,
0,0,,0.992,0.008,,119000,,
0,0,,0.996,0.004,,106300,,
0,0,,0.996,0.004,,100500,,
0,0,,0.97,0.03,,97500,,
0,0,,1,0,,82700,,
0,0,,0.998,0.002,,86000,,
0,0,,1,0,,109600,,
0,0,,0.66,0.34,,230600,,
0,0,,0.92,0.08,,100100,,
0,0,,0.988,0.012,,83900,,
0,0,,0.994,0.006,,101600,,
0,0,,0.978,0.022,,87000,,
0,0,,0.994,0.006,,89400,,
0,0,,0.892,0.108,,146900,,
0,0,,0.996,0.004,,90100,,
0,0,,0.976,0.024,,125400,,
0,0,,0.986,0.014,,94200,,
0,0,,0.996,0.004,,72500,,
0,0,,0.902,0.098,,151500,,
0,0,,0.95,0.05,,201600,,
0,0,,0.998,0.002,,77500,,
0,0,,0.934,0.066,,203900,,
0,0,,1,0,,116700,,
0,0,,0.72,0.28,,231600,,
0,0,,0.994,0.006,,96500,,
0,0,,0.994,0.006,,98700,,
0,0,,0.978,0.022,,109200,,
0,0,,0.986,0.014,,99100,,
0,0,,1,0,,99900,,
0,0,,0.998,0.002,,93000,,
0,0,,0.932,0.068,,192100,,
0,0,,0.996,0.004,,83600,,
0,0,,0.974,0.026,,109400,,
0,0,,0.998,0.002,,106000,,
0,0,,1,0,,91100,,
0,0,,0.998,0.002,,119900,,
0,0,,0.876,0.124,,197500,,
0,0,,0.984,0.016,,98200,,
0,0,,0.928,0.072,,175900,,
0,0,,1,0,,122900,,
0,0,,0.996,0.004,,105400,,
0,0,,0.99,0.01,,104200,,
0,0,,0.998,0.002,,124100,,
0,0,,0.976,0.024,,92000,,
0,0,,1,0,,93500,,
0,0,,0.99,0.01,,98200,,
0,0,,0.996,0.004,,109300,,
0,0,,0.998,0.002,,78300,,
0,0,,0.99,0.01,,113200,,
0,0,,0.996,0.004,,100000,,
0,0,,1,0,,75800,,
0,0,,0.998,0.002,,137800,,
0,0,,0.878,0.122,,215900,,
0,0,,0.986,0.014,,118400,,
0,0,,0.996,0.004,,89700,,
0,0,,0.992,0.008,,102900,,
0,0,,0.996,0.004,,88000,,
0,0,,0.996,0.004,,80600,,
0,0,,1,0,,74400,,
0,0,,1,0,,87600,,
0,0,,0.97,0.03,,100200,,
0,0,,0.986,0.014,,111700,,
0,0,,0.994,0.006,,124600,,
0,0,,0.996,0.004,,105100,,
0,0,,0.998,0.002,,76600,,
0,0,,0.912,0.088,,185800,,
0,0,,0.994,0.006,,87100,,
0,0,,0.882,0.118,,189500,,
0,0,,0.998,0.002,,116900,,
0,0,,0.812,0.188,,226100,,
0,0,,0.994,0.006,,120000,,
0,0,,0.952,0.048,,162800,,
0,0,,0.908,0.092,,165700,,
0,0,,1,0,,124900,,
0,0,,0.94,0.06,,185400,,
0,0,,0.994,0.006,,108600,,
0,0,,0.992,0.008,,99800,,
0,0,,0.708,0.292,,213200,,
0,0,,0.994,0.006,,85700,,
0,0,,0.996,0.004,,99900,,
0,0,,0.994,0.006,,90100,,
0,0,,0.99,0.01,,92500,,
0,0,,1,0,,123600,,
0,0,,0.956,0.044,,111800,,
0,0,,0.988,0.012,,93000,,
0,0,,0.97,0.03,,111500,,
0,0,,0.992,0.008,,81200,,
0,0,,0.994,0.006,,79000,,
0,0,,0.906,0.094,,183900,,
0,0,,1,0,,78500,,
0,0,,0.986,0.014,,81200,,
0,0,,1,0,,87100,,
0,0,,0.762,0.238,,201500,,
0,0,,1,0,,79500,,
0,0,,0.998,0.002,,100600,,
0,0,,0.93,0.07,,193700,,
0,0,,0.976,0.024,,115400,,
0,0,,0.998,0.002,,96600,,
0,0,,0.984,0.016,,113300,,
0,0,,0.954,0.046,,99300,,
0,0,,0.992,0.008,,102400,,
0,0,,0.994,0.006,,87900,,
0,0,,0.986,0.014,,83300,,
0,0,,1,0,,75400,,
0,0,,0.998,0.002,,70800,,
0,0,,0.982,0.018,,82900,,
0,0,,0.976,0.024,,93000,,
0,0,,1,0,,74000,,
0,1,,0.398,0.602,,160300,,
0,0,,0.978,0.022,,97700,,
0,0,,1,0,,93700,,
0,0,,0.988,0.012,,86600,,
0,0,,0.998,0.002,,131700,,
0,0,,1,0,,74400,,
0,0,,0.984,0.016,,76800,,
0,0,,0.896,0.104,,187500,,
0,0,,0.996,0.004,,81900,,
0,0,,0.986,0.014,,114000,,
0,0,,0.962,0.038,,92500,,
0,0,,0.992,0.008,,96400,,
0,0,,0.998,0.002,,78300,,
0,0,,0.97,0.03,,94300,,
0,0,,0.754,0.246,,172600,,
0,0,,0.904,0.096,,175600,,
0,0,,0.81,0.19,,177300,,
0,0,,0.984,0.016,,120800,,
0,0,,0.922,0.078,,92600,,
0,0,,1,0,,109600,,
0,0,,0.968,0.032,,105900,,
0,0,,0.858,0.142,,198100,,
0,0,,0.996,0.004,,94000,,
0,0,,0.998,0.002,,74200,,
0,0,,0.994,0.006,,91100,,
0,0,,1,0,,75300,,
0,0,,1,0,,66300,,
0,0,,0.956,0.044,,99400,,
0,0,,0.988,0.012,,91200,,
0,0,,0.996,0.004,,79100,,
0,0,,0.994,0.006,,84300,,
0,0,,0.994,0.006,,110800,,
0,0,,0.996,0.004,,111300,,
0,0,,0.874,0.126,,200100,,
0,0,,1,0,,94600,,
0,0,,0.99,0.01,,96900,,
0,0,,0.99,0.01,,88300,,
0,0,,1,0,,79000,,
0,0,,0.686,0.314,,139100,,
0,0,,0.996,0.004,,89400,,
0,0,,0.992,0.008,,94700,,
0,0,,0.962,0.038,,91300,,
0,0,,1,0,,95200,,
0,0,,0.994,0.006,,88000,,
0,0,,0.998,0.002,,81000,,
0,0,,0.938,0.062,,103000,,
0,0,,0.998,0.002,,80700,,
0,0,,0.892,0.108,,123000,,
0,0,,0.838,0.162,,190500,,
0,0,,0.996,0.004,,86100,,
0,0,,0.978,0.022,,105700,,
0,0,,0.992,0.008,,103600,,
0,0,,0.962,0.038,,93900,,
0,0,,0.98,0.02,,77800,,
0,0,,0.988,0.012,,90300,,
0,0,,0.998,0.002,,79700,,
0,0,,0.994,0.006,,95200,,
0,0,,0.976,0.024,,103900,,
0,0,,0.974,0.026,,95000,,
0,0,,0.986,0.014,,80900,,
0,0,,0.902,0.098,,163300,,
0,0,,0.996,0.004,,88400,,
0,0,,0.996,0.004,,135300,,
0,0,,0.986,0.014,,120500,,
0,0,,0.996,0.004,,84200,,
0,0,,0.97,0.03,,99100,,
0,0,,0.99,0.01,,90700,,
0,0,,0.998,0.002,,75700,,
0,0,,0.994,0.006,,76000,,
0,0,,0.992,0.008,,84900,,
0,0,,0.996,0.004,,95500,,
0,0,,0.746,0.254,,171400,,
0,0,,0.992,0.008,,87000,,
0,0,,0.992,0.008,,100400,,
0,0,,0.974,0.026,,78600,,
0,0,,0.904,0.096,,182800,,
0,0,,1,0,,76000,,
0,0,,1,0,,74400,,
0,0,,0.994,0.006,,68700,,
0,0,,0.972,0.028,,89600,,
0,0,,0.972,0.028,,88100,,
0,0,,1,0,,70800,,
0,0,,0.654,0.346,,139000,,
0,0,,0.992,0.008,,78200,,
0,0,,1,0,,92200,,
0,0,,0.946,0.054,,125800,,
0,0,,0.998,0.002,,91500,,
0,0,,1,0,,124600,,
0,0,,0.99,0.01,,82400,,
0,0,,0.992,0.008,,86100,,
0,0,,0.986,0.014,,152700,,
0,0,,0.974,0.026,,105000,,
0,0,,0.992,0.008,,118700,,
0,0,,0.98,0.02,,73100,,
0,0,,0.984,0.016,,121400,,
0,0,,0.982,0.018,,73000,,
0,0,,0.998,0.002,,91200,,
0,0,,0.99,0.01,,87500,,
0,0,,0.994,0.006,,79100,,
0,0,,0.994,0.006,,86400,,
0,0,,0.956,0.044,,111200,,
0,0,,1,0,,76500,,
0,0,,0.964,0.036,,84600,,
0,0,,1,0,,102600,,
0,0,,1,0,,83200,,
0,0,,1,0,,74000,,
0,0,,1,0,,123400,,
0,0,,0.942,0.058,,87600,,
0,0,,0.686,0.314,,193900,,
0,0,,0.924,0.076,,272200,,
0,0,,1,0,,112300,,
0,0,,0.994,0.006,,104800,,
0,0,,0.974,0.026,,77600,,
0,0,,0.996,0.004,,79500,,
0,0,,0.99,0.01,,75800,,
0,0,,0.978,0.022,,88600,,
0,0,,0.952,0.048,,114900,,
0,0,,0.856,0.144,,148300,,
0,0,,0.9,0.1,,116000,,
0,0,,1,0,,115200,,
0,0,,0.978,0.022,,119000,,
0,0,,0.95,0.05,,107300,,
0,0,,0.99,0.01,,95200,,
0,0,,0.702,0.298,,192500,,
0,0,,0.932,0.068,,176200,,
0,0,,0.994,0.006,,107300,,
0,0,,0.992,0.008,,105600,,
0,0,,0.998,0.002,,83900,,
0,0,,1,0,,112300,,
0,0,,1,0,,86400,,
0,0,,0.994,0.006,,91200,,
0,0,,0.996,0.004,,86400,,
0,0,,0.998,0.002,,79600,,
0,0,,1,0,,92100,,
0,0,,0.99,0.01,,92800,,
0,0,,0.994,0.006,,82600,,
0,0,,1,0,,83800,,
0,0,,0.952,0.048,,100100,,
0,0,,1,0,,97200,,
0,0,,1,0,,89300,,
0,0,,0.986,0.014,,92600,,
0,0,,1,0,,95300,,
0,0,,0.994,0.006,,83400,,
0,0,,0.804,0.196,,125900,,
0,0,,1,0,,79700,,
0,0,,0.996,0.004,,71000,,
0,0,,0.994,0.006,,81000,,
0,0,,0.96,0.04,,160000,,
0,0,,0.996,0.004,,100300,,
0,0,,0.948,0.052,,92100,,
0,0,,0.97,0.03,,92900,,
0,0,,0.982,0.018,,92500,,
0,0,,0.998,0.002,,69100,,
0,0,,0.996,0.004,,96800,,
0,0,,0.994,0.006,,83900,,
0,0,,0.926,0.074,,168600,,
0,0,,1,0,,98700,,
0,0,,0.992,0.008,,93100,,
0,0,,0.976,0.024,,87300,,
0,0,,0.972,0.028,,97700,,
0,0,,0.906,0.094,,170100,,
0,0,,0.85,0.15,,170200,,
0,0,,0.97,0.03,,97600,,
0,0,,0.996,0.004,,98000,,
0,0,,0.95,0.05,,115900,,
0,0,,0.99,0.01,,123700,,
0,0,,1,0,,70400,,
0,0,,0.996,0.004,,74700,,
0,0,,0.972,0.028,,184000,,
0,0,,0.992,0.008,,77900,,
0,0,,0.998,0.002,,82800,,
0,0,,1,0,,107700,,
0,0,,0.974,0.026,,115400,,
0,0,,0.896,0.104,,94500,,
0,0,,0.92,0.08,,190500,,
0,0,,0.998,0.002,,84600,,
0,0,,0.728,0.272,,209600,,
0,0,,0.94,0.06,,108900,,
0,0,,0.994,0.006,,73900,,
0,0,,0.974,0.026,,131700,,
0,0,,0.998,0.002,,81600,,
0,0,,0.992,0.008,,90800,,
0,0,,0.99,0.01,,88300,,
0,0,,0.984,0.016,,110100,,
0,0,,0.686,0.314,,221900,,
0,0,,0.986,0.014,,88200,,
0,0,,0.856,0.144,,179500,,
0,0,,0.988,0.012,,85700,,
0,0,,0.996,0.004,,72900,,
0,0,,0.998,0.002,,75000,,
0,0,,0.838,0.162,,163300,,
0,0,,1,0,,80600,,
0,0,,0.926,0.074,,205000,,
0,0,,1,0,,104600,,
0,0,,1,0,,115100,,
0,0,,1,0,,92100,,
0,0,,0.984,0.016,,86200,,
0,0,,0.98,0.02,,94200,,
0,0,,0.71,0.29,,231000,,
0,0,,0.994,0.006,,111000,,
0,0,,0.982,0.018,,90000,,
0,0,,0.998,0.002,,99300,,
0,0,,1,0,,74000,,
0,0,,1,0,,104500,,
0,0,,0.986,0.014,,103200,,
0,0,,0.992,0.008,,79200,,
0,0,,1,0,,71200,,
0,0,,1,0,,70300,,
0,0,,0.936,0.064,,123800,,
0,0,,0.994,0.006,,106500,,
0,0,,1,0,,70800,,
0,0,,1,0,,97200,,
0,0,,0.98,0.02,,74600,,
0,0,,0.968,0.032,,91800,,
0,0,,0.992,0.008,,96500,,
0,0,,0.972,0.028,,171500,,
0,0,,1,0,,86000,,
0,0,,1,0,,67300,,
0,0,,0.998,0.002,,108200,,
0,0,,0.998,0.002,,82100,,
0,0,,0.998,0.002,,90000,,
0,0,,1,0,,70000,,
0,0,,1,0,,114200,,
0,0,,0.992,0.008,,90900,,
0,0,,0.774,0.226,,151800,,
0,0,,1,0,,105700,,
0,0,,0.952,0.048,,180700,,
0,0,,0.994,0.006,,96900,,
0,0,,0.994,0.006,,79300,,
0,0,,0.988,0.012,,82400,,
0,0,,0.992,0.008,,86800,,
0,0,,0.972,0.028,,95200,,
0,0,,0.944,0.056,,173000,,
0,0,,0.904,0.096,,189500,,
0,0,,0.964,0.036,,133500,,
0,0,,1,0,,96600,,
0,0,,1,0,,70600,,
0,0,,0.966,0.034,,104900,,
0,0,,0.868,0.132,,198600,,
0,0,,0.966,0.034,,99700,,
0,0,,0.956,0.044,,122800,,
0,0,,0.944,0.056,,152100,,
0,0,,0.996,0.004,,95400,,
0,0,,0.994,0.006,,89100,,
0,0,,0.994,0.006,,85800,,
0,0,,0.982,0.018,,93000,,
0,0,,0.88,0.12,,149800,,
0,0,,0.996,0.004,,78500,,
0,0,,0.994,0.006,,87300,,
0,0,,1,0,,123400,,
0,0,,0.984,0.016,,92300,,
0,0,,0.964,0.036,,85200,,
0,0,,0.968,0.032,,85100,,
0,0,,0.994,0.006,,86800,,
0,0,,0.992,0.008,,102200,,
0,0,,1,0,,93500,,
0,0,,0.998,0.002,,116100,,
0,0,,0.974,0.026,,94400,,
0,0,,0.928,0.072,,119900,,
0,0,,0.998,0.002,,91400,,
0,0,,1,0,,83800,,
0,0,,0.852,0.148,,170600,,
0,0,,0.96,0.04,,84400,,
0,0,,0.898,0.102,,197300,,
0,0,,0.824,0.176,,184700,,
0,0,,0.966,0.034,,91000,,
0,0,,1,0,,89200,,
0,0,,0.984,0.016,,91200,,
0,0,,0.812,0.188,,191800,,
0,0,,0.862,0.138,,145700,,
0,0,,1,0,,81000,,
0,0,,0.992,0.008,,95600,,
0,0,,1,0,,123000,,
0,0,,1,0,,85300,,
0,0,,0.99,0.01,,111300,,
0,0,,0.928,0.072,,163700,,
0,0,,0.986,0.014,,131600,,
0,0,,0.986,0.014,,106300,,
0,0,,0.998,0.002,,91800,,
0,0,,0.998,0.002,,77900,,
0,0,,0.994,0.006,,96000,,
0,0,,0.938,0.062,,197800,,
0,0,,0.996,0.004,,115300,,
0,0,,0.992,0.008,,89900,,
0,0,,1,0,,94800,,
0,0,,1,0,,81500,,
0,0,,0.992,0.008,,94200,,
0,0,,0.954,0.046,,92100,,
0,0,,1,0,,88100,,
0,0,,0.988,0.012,,120000,,
0,0,,0.748,0.252,,226400,,
0,0,,0.996,0.004,,108300,,
0,0,,0.846,0.154,,187100,,
0,0,,0.99,0.01,,85700,,
0,0,,1,0,,87600,,
0,0,,0.996,0.004,,89900,,
0,0,,1,0,,93300,,
0,0,,0.688,0.312,,183400,,
0,0,,0.952,0.048,,107600,,
0,0,,0.996,0.004,,79100,,
0,0,,0.998,0.002,,93400,,
0,0,,0.748,0.252,,194300,,
0,0,,0.894,0.106,,178400,,
0,0,,0.996,0.004,,107700,,
0,0,,0.982,0.018,,101100,,
0,0,,0.894,0.106,,147300,,
0,0,,0.88,0.12,,181200,,
0,0,,0.996,0.004,,90600,,
0,0,,0.946,0.054,,98000,,
0,0,,0.998,0.002,,70600,,
0,0,,0.934,0.066,,130400,,
0,0,,0.996,0.004,,89000,,
0,0,,0.914,0.086,,96200,,
0,0,,0.962,0.038,,94100,,
0,0,,0.928,0.072,,101500,,
0,0,,0.994,0.006,,114600,,
0,0,,0.926,0.074,,175500,,
0,0,,0.956,0.044,,90600,,
0,0,,0.95,0.05,,146800,,
0,0,,0.996,0.004,,85300,,
0,0,,1,0,,70100,,
0,0,,0.858,0.142,,174500,,
0,0,,0.898,0.102,,186400,,
0,0,,0.964,0.036,,101500,,
0,0,,0.99,0.01,,87600,,
0,0,,1,0,,82300,,
0,0,,0.994,0.006,,93400,,
0,0,,0.998,0.002,,87000,,
0,0,,0.988,0.012,,87000,,
0,0,,1,0,,122900,,
0,0,,0.984,0.016,,99000,,
0,0,,0.994,0.006,,90800,,
0,0,,0.95,0.05,,111500,,
0,0,,0.824,0.176,,187800,,
0,0,,0.946,0.054,,124700,,
0,0,,0.884,0.116,,183600,,
0,0,,0.998,0.002,,82300,,
0,0,,0.992,0.008,,93200,,
0,0,,0.998,0.002,,81400,,
0,0,,0.994,0.006,,79800,,
0,0,,0.976,0.024,,98200,,
0,0,,0.934,0.066,,161600,,
0,0,,0.994,0.006,,106000,,
0,0,,0.998,0.002,,76600,,
0,0,,0.972,0.028,,96900,,
0,0,,0.706,0.294,,144900,,
0,0,,0.92,0.08,,199800,,
0,0,,1,0,,125100,,
0,0,,0.998,0.002,,98900,,
0,0,,0.998,0.002,,87600,,
0,0,,0.828,0.172,,164800,,
0,0,,0.994,0.006,,94700,,
0,0,,0.988,0.012,,88700,,
0,0,,0.978,0.022,,108100,,
0,0,,0.722,0.278,,188200,,
0,0,,0.994,0.006,,85000,,
0,0,,0.996,0.004,,90100,,
0,0,,0.768,0.232,,200600,,
0,0,,0.856,0.144,,172000,,
0,0,,0.994,0.006,,98500,,
0,0,,0.948,0.052,,99300,,
0,0,,0.988,0.012,,85700,,
0,0,,0.986,0.014,,98900,,
0,0,,0.992,0.008,,108800,,
0,0,,0.976,0.024,,81500,,
0,0,,0.948,0.052,,185900,,
0,0,,0.998,0.002,,105100,,
0,0,,0.996,0.004,,81700,,
0,0,,0.988,0.012,,88000,,
0,0,,0.98,0.02,,75200,,
0,0,,0.998,0.002,,69700,,
0,0,,0.988,0.012,,92200,,
0,0,,0.992,0.008,,89200,,
0,0,,0.988,0.012,,89200,,
0,0,,1,0,,76200,,
0,0,,0.938,0.062,,145400,,
0,0,,0.996,0.004,,88600,,
0,0,,0.99,0.01,,71600,,
0,0,,0.998,0.002,,82200,,
0,1,,0.38,0.62,,174200,,
0,0,,0.966,0.034,,118300,,
0,0,,0.954,0.046,,126700,,
0,0,,0.99,0.01,,83400,,
0,0,,0.878,0.122,,216600,,
0,0,,1,0,,87600,,
0,0,,0.82,0.18,,164500,,
0,0,,0.866,0.134,,173600,,
0,0,,0.982,0.018,,97000,,
0,0,,0.876,0.124,,162200,,
0,0,,0.918,0.082,,146100,,
0,0,,0.998,0.002,,121700,,
0,0,,0.998,0.002,,104500,,
0,0,,0.942,0.058,,101100,,
0,0,,0.99,0.01,,130600,,
0,0,,0.882,0.118,,228100,,
0,0,,0.954,0.046,,104100,,
0,0,,1,0,,84200,,
0,0,,0.868,0.132,,149500,,
0,0,,0.972,0.028,,94700,,
0,0,,0.996,0.004,,100700,,
0,0,,0.97,0.03,,97900,,
0,0,,0.996,0.004,,112200,,
0,0,,0.976,0.024,,97300,,
0,0,,0.998,0.002,,101200,,
0,0,,0.986,0.014,,90200,,
0,0,,0.998,0.002,,126200,,
0,0,,1,0,,77800,,
0,0,,0.99,0.01,,82300,,
0,0,,0.986,0.014,,111300,,
0,0,,0.988,0.012,,86400,,
0,0,,0.972,0.028,,159100,,
0,0,,0.998,0.002,,107600,,
0,0,,0.966,0.034,,181300,,
0,0,,0.992,0.008,,95700,,
0,0,,1,0,,73900,,
0,0,,0.986,0.014,,98400,,
0,0,,0.988,0.012,,94100,,
0,0,,0.786,0.214,,133600,,
0,0,,0.866,0.134,,225600,,
0,0,,0.964,0.036,,167100,,
0,0,,0.962,0.038,,101800,,
0,0,,1,0,,102000,,
0,0,,0.948,0.052,,158800,,
0,0,,0.88,0.12,,169700,,
0,0,,0.964,0.036,,99000,,
0,0,,0.646,0.354,,186300,,
0,0,,0.984,0.016,,107200,,
0,0,,0.998,0.002,,132300,,
0,0,,0.962,0.038,,136400,,
0,0,,0.998,0.002,,100600,,
0,0,,0.862,0.138,,197300,,
0,0,,0.972,0.028,,107800,,
0,0,,1,0,,74700,,
0,0,,0.998,0.002,,75900,,
0,0,,0.798,0.202,,157200,,
0,0,,0.87,0.13,,170000,,
0,0,,0.992,0.008,,134400,,
0,0,,1,0,,109500,,
0,0,,0.994,0.006,,108700,,
0,0,,0.904,0.096,,192200,,
0,0,,0.98,0.02,,106900,,
0,0,,0.998,0.002,,85400,,
0,0,,0.998,0.002,,92300,,
0,0,,0.996,0.004,,92800,,
0,0,,0.998,0.002,,76700,,
0,0,,0.998,0.002,,86800,,
0,0,,0.998,0.002,,77700,,
0,0,,0.992,0.008,,92100,,
0,0,,0.994,0.006,,113000,,
0,0,,0.998,0.002,,92100,,
0,0,,0.642,0.358,,231900,,
0,0,,0.992,0.008,,89100,,
0,0,,1,0,,135100,,
0,0,,0.982,0.018,,107400,,
0,0,,0.93,0.07,,107800,,
0,0,,0.99,0.01,,76300,,
0,0,,0.998,0.002,,132800,,
0,0,,1,0,,123900,,
0,0,,0.986,0.014,,100300,,
0,0,,0.708,0.292,,218900,,
0,0,,0.988,0.012,,92700,,
0,0,,0.87,0.13,,167600,,
0,0,,0.89,0.11,,107800,,
0,0,,1,0,,99300,,
0,0,,1,0,,79200,,
0,0,,0.988,0.012,,106800,,
0,0,,0.998,0.002,,74700,,
0,0,,0.992,0.008,,77300,,
0,0,,1,0,,94500,,
0,0,,0.912,0.088,,104500,,
0,0,,0.978,0.022,,98000,,
0,0,,0.812,0.188,,236500,,
0,0,,0.986,0.014,,116400,,
0,0,,1,0,,74300,,
0,0,,0.974,0.026,,85800,,
0,0,,0.982,0.018,,93900,,
0,0,,0.998,0.002,,91300,,
0,0,,0.924,0.076,,163400,,
0,0,,1,0,,132100,,
0,0,,1,0,,90500,,
0,0,,0.984,0.016,,107200,,
0,0,,0.99,0.01,,88200,,
0,0,,0.988,0.012,,67100,,
0,0,,0.998,0.002,,79400,,
0,0,,0.904,0.096,,146900,,
0,0,,0.972,0.028,,106300,,
0,0,,0.802,0.198,,125900,,
0,0,,0.998,0.002,,87000,,
0,0,,0.982,0.018,,101600,,
0,0,,0.936,0.064,,136000,,
0,0,,0.828,0.172,,115300,,
0,0,,0.992,0.008,,83400,,
0,0,,0.996,0.004,,85700,,
0,0,,0.996,0.004,,79800,,
0,0,,0.652,0.348,,213800,,
0,0,,0.816,0.184,,203200,,
0,0,,1,0,,87400,,
0,0,,0.998,0.002,,68000,,
0,0,,0.99,0.01,,115600,,
0,0,,0.986,0.014,,82100,,
0,0,,0.93,0.07,,134600,,
0,0,,1,0,,123900,,
0,0,,1,0,,117000,,
0,0,,0.976,0.024,,92100,,
0,0,,0.872,0.128,,108100,,
0,0,,0.892,0.108,,221600,,
0,0,,0.97,0.03,,109900,,
0,0,,0.964,0.036,,162500,,
0,0,,1,0,,85900,,
0,0,,0.812,0.188,,180500,,
0,0,,0.834,0.166,,150900,,
0,0,,0.99,0.01,,80300,,
0,0,,0.996,0.004,,86700,,
0,0,,0.982,0.018,,102500,,
0,0,,0.974,0.026,,83300,,
0,0,,1,0,,82500,,
0,0,,1,0,,140400,,
0,0,,1,0,,73500,,
0,0,,0.856,0.144,,112900,,
0,0,,0.984,0.016,,113200,,
0,0,,0.998,0.002,,77800,,
0,0,,0.984,0.016,,82000,,
0,0,,0.988,0.012,,98800,,
0,0,,0.758,0.242,,199400,,
0,0,,1,0,,87200,,
0,0,,0.998,0.002,,71100,,
0,0,,0.722,0.278,,198000,,
0,0,,0.984,0.016,,89400,,
0,0,,0.97,0.03,,93600,,
0,0,,1,0,,91800,,
0,0,,0.886,0.114,,252800,,
0,0,,0.988,0.012,,184200,,
0,0,,0.992,0.008,,98400,,
0,0,,0.986,0.014,,115500,,
0,0,,0.918,0.082,,197500,,
0,0,,0.96,0.04,,116600,,
0,0,,0.992,0.008,,103800,,
0,0,,0.842,0.158,,187100,,
0,0,,0.99,0.01,,162100,,
0,0,,0.996,0.004,,112500,,
0,0,,0.998,0.002,,104600,,
0,0,,0.982,0.018,,104800,,
0,0,,0.986,0.014,,86800,,
0,0,,0.994,0.006,,90500,,
0,0,,1,0,,135600,,
0,0,,0.996,0.004,,97400,,
0,0,,0.972,0.028,,85200,,
0,0,,0.998,0.002,,79500,,
0,0,,0.998,0.002,,130200,,
0,0,,0.84,0.16,,182500,,
0,0,,0.984,0.016,,144000,,
0,0,,1,0,,84900,,
0,0,,1,0,,77600,,
0,0,,0.746,0.254,,191700,,
0,0,,0.976,0.024,,115800,,
0,0,,0.784,0.216,,98600,,
0,0,,0.898,0.102,,158200,,
0,0,,0.994,0.006,,108000,,
0,0,,0.842,0.158,,139800,,
0,0,,0.888,0.112,,128100,,
0,0,,1,0,,88400,,
0,0,,0.97,0.03,,143400,,
0,0,,0.988,0.012,,94000,,
0,0,,0.854,0.146,,120700,,
0,0,,0.99,0.01,,87200,,
0,0,,0.988,0.012,,94900,,
0,0,,0.996,0.004,,85800,,
0,0,,1,0,,132200,,
0,0,,0.994,0.006,,110300,,
0,0,,0.998,0.002,,78600,,
0,0,,0.99,0.01,,90400,,
0,0,,0.994,0.006,,84200,,
0,0,,0.996,0.004,,74600,,
0,0,,0.984,0.016,,88500,,
0,0,,0.996,0.004,,115100,,
0,0,,0.928,0.072,,97200,,
0,0,,0.996,0.004,,72100,,
0,0,,0.666,0.334,,169000,,
0,0,,0.998,0.002,,77400,,
0,0,,0.99,0.01,,124000,,
0,0,,0.992,0.008,,95300,,
0,0,,1,0,,72700,,
0,0,,1,0,,101100,,
0,0,,1,0,,76000,,
0,0,,0.736,0.264,,169700,,
0,0,,0.884,0.116,,183900,,
0,0,,0.99,0.01,,95700,,
0,0,,0.998,0.002,,85300,,
0,0,,0.994,0.006,,90900,,
0,0,,1,0,,74300,,
0,0,,0.988,0.012,,84500,,
0,0,,0.902,0.098,,167600,,
0,0,,1,0,,100900,,
0,0,,0.998,0.002,,121800,,
0,0,,0.948,0.052,,175900,,
0,0,,0.824,0.176,,171900,,
0,0,,0.998,0.002,,84600,,
0,0,,1,0,,121800,,
0,0,,0.99,0.01,,111700,,
0,0,,0.992,0.008,,88100,,
0,0,,0.992,0.008,,93400,,
0,0,,0.994,0.006,,94100,,
0,0,,0.966,0.034,,87100,,
0,0,,0.984,0.016,,93600,,
0,0,,0.994,0.006,,105400,,
0,0,,1,0,,97400,,
0,0,,0.998,0.002,,79600,,
0,0,,0.984,0.016,,85600,,
0,0,,0.994,0.006,,90500,,
0,0,,0.992,0.008,,76800,,
0,0,,0.612,0.388,,164300,,
0,0,,0.98,0.02,,146700,,
0,0,,1,0,,94900,,
0,0,,1,0,,95000,,
0,0,,1,0,,79600,,
0,0,,1,0,,92000,,
0,0,,0.998,0.002,,104800,,
0,0,,0.998,0.002,,85600,,
0,0,,0.992,0.008,,93700,,
0,0,,1,0,,80100,,
0,0,,0.998,0.002,,90000,,
0,0,,0.996,0.004,,90200,,
0,0,,0.984,0.016,,88100,,
0,0,,0.992,0.008,,71400,,
0,0,,0.998,0.002,,103300,,
0,0,,0.988,0.012,,97000,,
0,0,,0.952,0.048,,101600,,
0,0,,1,0,,95600,,
0,0,,0.998,0.002,,97000,,
0,0,,0.998,0.002,,72300,,
0,0,,0.958,0.042,,89800,,
0,0,,0.996,0.004,,66700,,
0,0,,0.894,0.106,,99600,,
0,0,,0.932,0.068,,92300,,
0,0,,0.986,0.014,,92600,,
0,0,,1,0,,88300,,
0,0,,0.988,0.012,,82300,,
0,0,,0.998,0.002,,114400,,
0,0,,1,0,,86800,,
0,0,,1,0,,88600,,
0,0,,0.874,0.126,,195100,,
0,0,,0.996,0.004,,96100,,
0,0,,0.994,0.006,,85100,,
0,0,,1,0,,71700,,
0,0,,1,0,,73900,,
0,0,,0.958,0.042,,96500,,
0,0,,0.998,0.002,,87800,,
0,0,,1,0,,87300,,
0,0,,0.996,0.004,,88300,,
0,0,,0.994,0.006,,76100,,
0,0,,0.996,0.004,,67100,,
0,0,,0.974,0.026,,106500,,
0,0,,0.996,0.004,,78400,,
0,0,,0.992,0.008,,86900,,
0,0,,0.994,0.006,,78000,,
0,0,,0.978,0.022,,92100,,
0,0,,0.994,0.006,,87800,,
0,0,,1,0,,78600,,
0,0,,0.992,0.008,,98000,,
0,0,,0.988,0.012,,110500,,
0,0,,1,0,,103000,,
0,0,,0.986,0.014,,80300,,
0,0,,0.994,0.006,,83200,,
0,0,,0.99,0.01,,74700,,
0,0,,1,0,,68600,,
0,0,,0.972,0.028,,81300,,
0,0,,1,0,,84000,,
0,0,,0.998,0.002,,69600,,
0,0,,0.794,0.206,,183400,,
0,0,,0.85,0.15,,145400,,
0,0,,1,0,,108200,,
0,0,,0.894,0.106,,120800,,
0,0,,0.998,0.002,,82500,,
0,0,,0.988,0.012,,87600,,
0,0,,0.998,0.002,,103600,,
0,0,,0.998,0.002,,77900,,
0,0,,0.826,0.174,,115900,,
0,0,,0.994,0.006,,84000,,
0,0,,0.994,0.006,,84000,,
0,0,,1,0,,103500,,
0,0,,0.992,0.008,,108800,,
0,0,,0.982,0.018,,92700,,
0,0,,1,0,,95300,,
0,0,,0.992,0.008,,80900,,
0,0,,0.992,0.008,,88600,,
0,0,,0.79,0.21,,202800,,
0,0,,1,0,,100500,,
0,0,,1,0,,91100,,
0,0,,0.994,0.006,,91500,,
0,0,,0.954,0.046,,273900,,
0,0,,0.988,0.012,,96200,,
0,0,,0.988,0.012,,144500,,
0,0,,0.996,0.004,,115300,,
0,0,,0.99,0.01,,129700,,
0,0,,0.97,0.03,,142000,,
0,0,,0.984,0.016,,100900,,
0,0,,0.882,0.118,,324500,,
0,0,,1,0,,97200,,
0,0,,1,0,,124700,,
0,0,,0.87,0.13,,314400,,
0,0,,0.992,0.008,,107800,,
0,0,,1,0,,106600,,
0,0,,1,0,,92700,,
0,0,,0.992,0.008,,91700,,
0,0,,0.978,0.022,,103500,,
0,0,,1,0,,97400,,
0,0,,1,0,,75900,,
0,0,,1,0,,143200,,
0,0,,1,0,,134200,,
0,0,,1,0,,123800,,
0,0,,0.982,0.018,,113400,,
0,0,,1,0,,86800,,
0,0,,0.992,0.008,,81700,,
0,0,,0.99,0.01,,78600,,
0,0,,1,0,,103900,,
0,0,,0.654,0.346,,205000,,
0,0,,0.996,0.004,,80300,,
0,0,,0.962,0.038,,128100,,
0,0,,1,0,,80600,,
0,0,,0.908,0.092,,121200,,
0,0,,0.992,0.008,,94000,,
0,0,,0.958,0.042,,168100,,
0,0,,0.95,0.05,,124600,,
0,0,,0.998,0.002,,77300,,
0,0,,0.894,0.106,,126500,,
0,0,,0.942,0.058,,110800,,
0,0,,0.988,0.012,,92700,,
0,0,,0.962,0.038,,102200,,
0,0,,0.998,0.002,,80800,,
0,0,,0.982,0.018,,103100,,
0,0,,1,0,,85500,,
0,0,,0.996,0.004,,85100,,
0,0,,0.994,0.006,,86700,,
0,0,,0.998,0.002,,115800,,
0,0,,0.996,0.004,,92100,,
0,0,,0.838,0.162,,180600,,
0,0,,1,0,,93900,,
0,0,,0.988,0.012,,91800,,
0,0,,0.998,0.002,,85800,,
0,0,,0.956,0.044,,132200,,
0,0,,0.988,0.012,,84200,,
0,0,,0.916,0.084,,150700,,
0,0,,0.91,0.09,,111600,,
0,0,,0.95,0.05,,147000,,
0,0,,0.994,0.006,,92800,,
0,0,,0.998,0.002,,67600,,
0,0,,0.99,0.01,,84300,,
0,0,,1,0,,116600,,
0,0,,0.626,0.374,,181400,,
0,0,,0.772,0.228,,108500,,
0,0,,0.99,0.01,,93100,,
0,0,,0.996,0.004,,70200,,
0,0,,1,0,,98600,,
0,0,,0.994,0.006,,103500,,
0,0,,0.82,0.18,,171000,,
0,0,,0.98,0.02,,105700,,
0,0,,0.99,0.01,,101000,,
0,0,,0.938,0.062,,173300,,
0,0,,0.966,0.034,,99000,,
0,0,,0.996,0.004,,78400,,
0,0,,0.98,0.02,,92800,,
0,0,,0.898,0.102,,118900,,
0,0,,0.982,0.018,,78100,,
0,0,,1,0,,109000,,
0,0,,0.992,0.008,,86200,,
0,0,,0.832,0.168,,140400,,
0,0,,0.97,0.03,,94500,,
0,0,,0.998,0.002,,121400,,
0,0,,1,0,,95300,,
0,0,,0.996,0.004,,98400,,
0,0,,0.882,0.118,,118000,,
0,0,,0.978,0.022,,102100,,
0,0,,0.99,0.01,,91100,,
0,0,,0.942,0.058,,89700,,
0,0,,0.982,0.018,,93200,,
0,0,,0.998,0.002,,77400,,
0,0,,0.994,0.006,,75800,,
0,0,,0.98,0.02,,82700,,
0,0,,0.952,0.048,,156900,,
0,0,,1,0,,95100,,
0,0,,0.99,0.01,,87900,,
0,0,,0.984,0.016,,77400,,
0,0,,1,0,,96500,,
0,0,,0.542,0.458,,150400,,
0,0,,0.998,0.002,,93400,,
0,0,,1,0,,94400,,
0,0,,1,0,,81400,,
0,0,,0.99,0.01,,78500,,
0,0,,0.998,0.002,,87800,,
0,0,,0.982,0.018,,91300,,
0,0,,0.998,0.002,,80300,,
0,0,,0.988,0.012,,90600,,
0,0,,1,0,,102200,,
0,0,,0.9,0.1,,95500,,
0,0,,0.998,0.002,,94100,,
0,0,,0.74,0.26,,132400,,
0,0,,0.99,0.01,,72500,,
0,0,,0.912,0.088,,196800,,
0,0,,0.99,0.01,,82700,,
0,0,,1,0,,91300,,
0,1,,0.484,0.516,,133900,,
0,0,,0.97,0.03,,97800,,
0,0,,0.976,0.024,,92900,,
0,0,,0.994,0.006,,93400,,
0,0,,0.992,0.008,,93000,,
0,0,,0.992,0.008,,93000,,
0,0,,0.996,0.004,,82600,,
0,0,,0.798,0.202,,103000,,
0,0,,0.99,0.01,,115900,,
0,0,,0.992,0.008,,117100,,
0,0,,1,0,,89800,,
0,0,,0.912,0.088,,190200,,
0,0,,0.996,0.004,,84100,,
0,0,,0.984,0.016,,80900,,
0,0,,0.922,0.078,,112600,,
0,0,,1,0,,86400,,
0,0,,0.99,0.01,,107500,,
0,0,,0.97,0.03,,103600,,
0,0,,1,0,,85600,,
0,0,,0.908,0.092,,185500,,
0,0,,0.76,0.24,,160900,,
0,0,,1,0,,94000,,
0,0,,0.998,0.002,,78600,,
0,0,,1,0,,84500,,
0,0,,1,0,,97900,,
0,0,,0.992,0.008,,82000,,
0,0,,0.986,0.014,,103900,,
0,0,,0.952,0.048,,153200,,
0,0,,1,0,,97500,,
0,0,,1,0,,91000,,
0,0,,0.61,0.39,,241500,,
0,0,,0.92,0.08,,134400,,
0,0,,0.908,0.092,,236500,,
0,0,,0.95,0.05,,117800,,
0,0,,0.984,0.016,,94300,,
0,0,,0.994,0.006,,91200,,
0,0,,1,0,,127600,,
0,0,,0.85,0.15,,130800,,
0,0,,0.992,0.008,,119400,,
0,0,,0.998,0.002,,72600,,
0,0,,0.998,0.002,,122900,,
0,0,,0.974,0.026,,89100,,
0,0,,1,0,,124200,,
0,0,,0.998,0.002,,111900,,
0,0,,1,0,,92100,,
0,0,,0.966,0.034,,111100,,
0,0,,0.994,0.006,,95400,,
0,0,,0.934,0.066,,125100,,
0,0,,1,0,,98500,,
0,0,,0.994,0.006,,113700,,
0,0,,1,0,,102800,,
0,0,,0.986,0.014,,123300,,
0,0,,0.988,0.012,,104300,,
0,0,,0.954,0.046,,98800,,
0,0,,1,0,,74200,,
0,0,,0.996,0.004,,99500,,
0,0,,0.99,0.01,,88400,,
0,0,,0.996,0.004,,99100,,
0,0,,0.994,0.006,,106300,,
0,0,,0.986,0.014,,102600,,
0,0,,0.978,0.022,,99400,,
0,0,,0.988,0.012,,97700,,
0,0,,0.804,0.196,,221400,,
0,0,,0.97,0.03,,90000,,
0,0,,0.988,0.012,,72700,,
0,0,,1,0,,101200,,
0,0,,1,0,,107600,,
0,0,,0.994,0.006,,100700,,
0,0,,0.996,0.004,,95000,,
0,0,,0.996,0.004,,88800,,
0,0,,1,0,,69900,,
0,0,,0.994,0.006,,81800,,
0,0,,0.994,0.006,,119700,,
0,0,,0.83,0.17,,163900,,
0,0,,0.986,0.014,,93700,,
0,0,,1,0,,102600,,
0,0,,1,0,,91900,,
0,0,,1,0,,86300,,
0,0,,0.996,0.004,,83800,,
0,0,,0.988,0.012,,97900,,
0,0,,0.994,0.006,,120300,,
0,0,,0.964,0.036,,200100,,
0,0,,0.986,0.014,,100500,,
0,0,,0.99,0.01,,91300,,
0,0,,1,0,,88300,,
0,0,,1,0,,100400,,
0,0,,0.938,0.062,,107200,,
0,0,,0.986,0.014,,97700,,
0,0,,0.886,0.114,,181400,,
0,0,,0.992,0.008,,87700,,
0,0,,0.996,0.004,,90500,,
0,0,,1,0,,82400,,
0,0,,1,0,,110100,,
0,0,,0.848,0.152,,222500,,
0,0,,0.998,0.002,,90400,,
0,0,,0.97,0.03,,161400,,
0,0,,0.98,0.02,,114000,,
0,0,,0.97,0.03,,111900,,
0,0,,0.966,0.034,,106900,,
0,0,,0.992,0.008,,90000,,
0,0,,1,0,,119700,,
0,0,,0.806,0.194,,136600,,
0,0,,0.986,0.014,,100800,,
0,0,,0.99,0.01,,104700,,
0,0,,0.996,0.004,,77600,,
0,0,,1,0,,102800,,
0,0,,0.99,0.01,,134500,,
0,0,,1,0,,82800,,
0,0,,0.934,0.066,,165200,,
0,0,,0.984,0.016,,97400,,
0,0,,1,0,,104600,,
0,0,,1,0,,75800,,
0,0,,0.984,0.016,,94700,,
0,0,,0.994,0.006,,95500,,
0,0,,1,0,,73000,,
0,0,,0.884,0.116,,194000,,
0,0,,0.956,0.044,,101900,,
0,0,,0.998,0.002,,103200,,
0,0,,1,0,,93100,,
0,0,,0.906,0.094,,129200,,
0,0,,0.994,0.006,,91600,,
0,0,,1,0,,102400,,
0,0,,0.994,0.006,,80700,,
0,0,,0.99,0.01,,84100,,
0,0,,0.938,0.062,,96100,,
0,0,,0.918,0.082,,103700,,
0,0,,0.95,0.05,,90900,,
0,0,,1,0,,103200,,
0,0,,1,0,,74600,,
0,0,,0.998,0.002,,68800,,
0,0,,0.97,0.03,,99000,,
0,0,,0.968,0.032,,90000,,
0,0,,0.868,0.132,,137300,,
0,0,,0.97,0.03,,100000,,
0,0,,0.916,0.084,,198800,,
0,0,,1,0,,123800,,
0,0,,0.992,0.008,,103700,,
0,0,,0.992,0.008,,81900,,
0,0,,1,0,,94300,,
0,0,,0.998,0.002,,90500,,
0,0,,1,0,,84600,,
0,0,,0.898,0.102,,226200,,
0,0,,1,0,,97300,,
0,0,,0.992,0.008,,89000,,
0,0,,0.994,0.006,,91900,,
0,0,,0.992,0.008,,86200,,
0,0,,0.984,0.016,,84000,,
0,0,,0.97,0.03,,76900,,
0,0,,0.966,0.034,,78500,,
0,0,,0.996,0.004,,65400,,
0,0,,0.988,0.012,,84200,,
0,0,,1,0,,99000,,
0,0,,0.992,0.008,,94100,,
0,0,,0.778,0.222,,153000,,
0,0,,0.966,0.034,,96200,,
0,0,,0.63,0.37,,208000,,
0,0,,0.984,0.016,,86800,,
0,0,,0.988,0.012,,105500,,
0,0,,0.748,0.252,,225800,,
0,0,,1,0,,136600,,
0,0,,1,0,,96100,,
0,0,,0.996,0.004,,101000,,
0,0,,0.99,0.01,,77200,,
0,0,,0.66,0.34,,208100,,
0,0,,0.97,0.03,,96100,,
0,0,,1,0,,119100,,
0,0,,0.996,0.004,,74100,,
0,0,,0.972,0.028,,100200,,
0,0,,0.998,0.002,,120100,,
0,0,,0.996,0.004,,96300,,
0,0,,0.998,0.002,,74100,,
0,0,,0.998,0.002,,69800,,
0,0,,0.998,0.002,,129700,,
0,0,,1,0,,100200,,
0,0,,0.816,0.184,,205700,,
0,0,,0.958,0.042,,93400,,
0,0,,1,0,,100100,,
0,0,,0.574,0.426,,222100,,
0,0,,0.89,0.11,,123800,,
0,0,,0.966,0.034,,119800,,
0,0,,1,0,,99200,,
0,0,,1,0,,89500,,
0,0,,0.994,0.006,,75300,,
0,0,,0.99,0.01,,93900,,
0,0,,0.994,0.006,,90700,,
0,0,,0.872,0.128,,131400,,
0,0,,0.986,0.014,,95300,,
0,0,,0.976,0.024,,92200,,
0,0,,0.986,0.014,,115700,,
0,0,,0.984,0.016,,79900,,
0,0,,0.754,0.246,,206000,,
0,0,,0.896,0.104,,115700,,
0,0,,0.964,0.036,,96100,,
0,0,,0.866,0.134,,135000,,
0,0,,0.994,0.006,,89900,,
0,0,,0.896,0.104,,156300,,
0,0,,0.926,0.074,,162500,,
0,0,,0.942,0.058,,199300,,
0,0,,1,0,,121100,,
0,0,,0.996,0.004,,87900,,
0,0,,0.886,0.114,,140300,,
0,0,,0.912,0.088,,151300,,
0,0,,0.968,0.032,,117600,,
0,0,,0.978,0.022,,98400,,
0,0,,0.914,0.086,,115300,,
0,0,,0.978,0.022,,142500,,
0,0,,0.998,0.002,,88400,,
0,0,,1,0,,118800,,
0,0,,0.97,0.03,,102400,,
0,0,,0.992,0.008,,103900,,
0,0,,0.992,0.008,,87100,,
0,0,,0.994,0.006,,72600,,
0,0,,0.986,0.014,,94000,,
0,0,,0.97,0.03,,152200,,
0,0,,0.998,0.002,,89100,,
0,0,,1,0,,86600,,
0,0,,1,0,,81100,,
0,0,,0.922,0.078,,166800,,
0,0,,0.778,0.222,,151700,,
0,0,,0.994,0.006,,79700,,
0,0,,0.986,0.014,,91000,,
0,0,,0.996,0.004,,82500,,
0,0,,0.944,0.056,,190200,,
0,0,,0.958,0.042,,123100,,
0,0,,0.994,0.006,,92700,,
0,0,,0.998,0.002,,112200,,
0,0,,0.994,0.006,,131900,,
0,0,,0.758,0.242,,185700,,
0,0,,0.994,0.006,,93800,,
0,0,,0.78,0.22,,178700,,
0,0,,1,0,,112100,,
0,0,,0.754,0.246,,183100,,
0,0,,0.962,0.038,,156300,,
0,0,,0.99,0.01,,100400,,
0,0,,0.998,0.002,,108600,,
0,0,,0.878,0.122,,157000,,
0,0,,0.99,0.01,,123500,,
0,0,,0.982,0.018,,96300,,
0,0,,0.964,0.036,,87400,,
0,0,,0.996,0.004,,76800,,
0,0,,0.976,0.024,,151900,,
0,0,,0.988,0.012,,86400,,
0,0,,0.932,0.068,,145400,,
0,0,,0.992,0.008,,89100,,
0,0,,0.992,0.008,,84500,,
0,0,,0.996,0.004,,84100,,
0,0,,0.994,0.006,,97500,,
0,0,,0.988,0.012,,133200,,
0,0,,0.986,0.014,,78700,,
0,0,,0.906,0.094,,143500,,
0,0,,0.996,0.004,,102400,,
0,0,,0.926,0.074,,100500,,
0,0,,0.99,0.01,,88900,,
0,0,,0.924,0.076,,92900,,
0,0,,0.994,0.006,,88000,,
0,0,,0.986,0.014,,84700,,
0,0,,0.998,0.002,,109900,,
0,0,,0.998,0.002,,90300,,
0,0,,0.982,0.018,,90100,,
0,0,,1,0,,68300,,
0,0,,0.958,0.042,,98900,,
0,0,,0.864,0.136,,110300,,
0,0,,0.994,0.006,,90500,,
0,0,,0.998,0.002,,83600,,
0,0,,0.8,0.2,,242100,,
0,0,,1,0,,89300,,
0,0,,1,0,,73600,,
0,0,,0.824,0.176,,203700,,
0,0,,0.99,0.01,,103600,,
0,0,,0.992,0.008,,95300,,
0,0,,0.944,0.056,,114000,,
0,0,,0.966,0.034,,177100,,
0,0,,0.994,0.006,,98100,,
0,0,,0.506,0.494,,172800,,
0,0,,0.736,0.264,,125300,,
0,0,,1,0,,87000,,
0,0,,0.994,0.006,,86600,,
0,0,,0.998,0.002,,81100,,
0,0,,1,0,,92500,,
0,0,,0.794,0.206,,199000,,
0,0,,0.99,0.01,,100100,,
0,0,,0.938,0.062,,124900,,
0,0,,0.992,0.008,,87500,,
0,0,,1,0,,93200,,
0,0,,0.99,0.01,,85100,,
0,0,,0.996,0.004,,85600,,
0,0,,0.97,0.03,,102300,,
0,0,,0.948,0.052,,90900,,
0,0,,0.928,0.072,,166400,,
0,0,,0.904,0.096,,118500,,
0,0,,0.926,0.074,,170200,,
0,0,,1,0,,112700,,
0,0,,0.87,0.13,,170000,,
0,0,,0.974,0.026,,92100,,
0,0,,0.966,0.034,,107000,,
0,0,,0.982,0.018,,82300,,
0,0,,0.994,0.006,,91400,,
0,0,,0.998,0.002,,74400,,
0,0,,1,0,,104000,,
0,0,,0.958,0.042,,184400,,
0,0,,0.998,0.002,,89800,,
0,0,,0.91,0.09,,150800,,
0,0,,0.996,0.004,,79200,,
0,0,,1,0,,79100,,
0,0,,1,0,,78300,,
0,0,,0.99,0.01,,98300,,
0,0,,0.68,0.32,,205600,,
0,0,,0.948,0.052,,104000,,
0,0,,1,0,,87000,,
0,0,,1,0,,81300,,
0,0,,0.984,0.016,,97000,,
0,0,,0.978,0.022,,97900,,
0,0,,0.982,0.018,,82900,,
0,0,,0.816,0.184,,141100,,
0,0,,0.998,0.002,,78300,,
0,0,,0.952,0.048,,91400,,
0,0,,0.986,0.014,,73900,,
0,0,,0.908,0.092,,181300,,
0,0,,0.966,0.034,,108900,,
0,0,,1,0,,71200,,
0,0,,0.984,0.016,,87200,,
0,0,,0.954,0.046,,85000,,
0,0,,0.998,0.002,,69400,,
0,0,,0.934,0.066,,143700,,
0,0,,0.992,0.008,,105800,,
0,0,,0.73,0.27,,167500,,
0,0,,1,0,,120000,,
0,0,,0.978,0.022,,88700,,
0,0,,0.998,0.002,,75800,,
0,0,,1,0,,80700,,
0,0,,1,0,,78400,,
0,0,,0.998,0.002,,101400,,
0,0,,0.736,0.264,,179700,,
0,0,,0.996,0.004,,70800,,
0,0,,1,0,,83500,,
0,0,,0.818,0.182,,129000,,
0,0,,0.98,0.02,,91500,,
0,0,,0.992,0.008,,82100,,
0,0,,1,0,,78000,,
0,0,,1,0,,96000,,
0,0,,0.956,0.044,,176500,,
0,0,,1,0,,94600,,
0,0,,1,0,,102700,,
0,0,,0.994,0.006,,92500,,
0,0,,0.99,0.01,,90900,,
0,0,,1,0,,66000,,
0,0,,0.962,0.038,,92100,,
0,0,,0.982,0.018,,99300,,
0,0,,0.688,0.312,,200900,,
0,0,,1,0,,96000,,
0,0,,0.994,0.006,,94700,,
0,0,,0.994,0.006,,97300,,
0,0,,0.952,0.048,,92600,,
0,0,,0.748,0.252,,108100,,
0,0,,0.998,0.002,,85200,,
0,0,,1,0,,89200,,
0,0,,0.998,0.002,,78500,,
0,0,,0.864,0.136,,133500,,
0,0,,0.966,0.034,,85700,,
0,0,,0.998,0.002,,72300,,
0,0,,1,0,,98100,,
0,0,,0.81,0.19,,101500,,
0,0,,0.996,0.004,,82800,,
0,0,,0.992,0.008,,82700,,
0,0,,0.952,0.048,,105000,,
0,0,,0.978,0.022,,93700,,
0,0,,0.996,0.004,,85500,,
0,0,,1,0,,79100,,
0,0,,0.8,0.2,,186500,,
0,0,,0.982,0.018,,98300,,
0,0,,0.996,0.004,,100100,,
0,0,,0.976,0.024,,100200,,
0,0,,0.998,0.002,,86700,,
0,1,,0.484,0.516,,182700,,
0,0,,1,0,,88500,,
0,0,,0.93,0.07,,104400,,
0,0,,0.998,0.002,,79500,,
0,0,,0.998,0.002,,81700,,
0,0,,0.992,0.008,,79500,,
0,0,,0.882,0.118,,191400,,
0,0,,0.688,0.312,,160400,,
0,0,,0.95,0.05,,154800,,
0,0,,0.892,0.108,,192400,,
0,0,,0.992,0.008,,94800,,
0,0,,0.996,0.004,,77900,,
0,0,,0.998,0.002,,77600,,
0,0,,0.986,0.014,,77500,,
0,0,,0.838,0.162,,180400,,
0,0,,0.994,0.006,,86300,,
0,0,,0.99,0.01,,88300,,
0,0,,0.984,0.016,,69400,,
0,0,,0.992,0.008,,99200,,
0,0,,0.996,0.004,,88900,,
0,0,,0.934,0.066,,130800,,
0,0,,0.998,0.002,,103700,,
0,0,,1,0,,76400,,
0,0,,0.998,0.002,,83300,,
0,0,,0.994,0.006,,103500,,
0,0,,0.898,0.102,,109400,,
0,0,,0.994,0.006,,83900,,
0,0,,0.738,0.262,,204200,,
0,0,,0.844,0.156,,204900,,
0,0,,0.998,0.002,,82800,,
0,0,,0.998,0.002,,77400,,
0,0,,0.99,0.01,,80200,,
0,0,,0.988,0.012,,79600,,
0,0,,0.898,0.102,,186400,,
0,0,,0.804,0.196,,160300,,
0,0,,0.996,0.004,,94400,,
0,0,,1,0,,108500,,
0,0,,0.972,0.028,,97300,,
0,0,,0.938,0.062,,176900,,
0,0,,0.756,0.244,,179200,,
0,0,,0.96,0.04,,88400,,
0,0,,0.978,0.022,,123800,,
0,0,,0.984,0.016,,98600,,
0,0,,0.988,0.012,,73600,,
0,0,,0.916,0.084,,185700,,
0,0,,1,0,,106100,,
0,0,,1,0,,124600,,
0,0,,0.922,0.078,,149600,,
0,0,,0.988,0.012,,101700,,
0,0,,1,0,,96500,,
0,0,,0.996,0.004,,95400,,
0,0,,0.98,0.02,,92500,,
0,0,,0.966,0.034,,153700,,
0,0,,0.99,0.01,,95000,,
0,0,,0.998,0.002,,89200,,
0,0,,0.748,0.252,,217000,,
0,0,,0.998,0.002,,91900,,
0,0,,1,0,,100000,,
0,0,,0.898,0.102,,167100,,
0,0,,0.99,0.01,,90600,,
0,0,,0.992,0.008,,83300,,
0,0,,0.694,0.306,,145800,,
0,0,,0.968,0.032,,103800,,
0,0,,0.996,0.004,,116500,,
0,0,,0.836,0.164,,208500,,
0,0,,0.988,0.012,,109900,,
0,0,,0.988,0.012,,96100,,
0,0,,0.996,0.004,,82900,,
0,0,,0.912,0.088,,124800,,
0,0,,0.938,0.062,,109300,,
0,0,,0.998,0.002,,85300,,
0,0,,0.856,0.144,,137000,,
0,0,,0.976,0.024,,99400,,
0,0,,0.994,0.006,,87700,,
0,0,,0.992,0.008,,89200,,
0,0,,0.99,0.01,,68900,,
0,0,,0.996,0.004,,80500,,
0,0,,0.668,0.332,,175500,,
0,0,,0.768,0.232,,214900,,
0,0,,0.764,0.236,,114800,,
0,0,,1,0,,113900,,
0,0,,0.994,0.006,,100000,,
0,0,,0.998,0.002,,133500,,
0,0,,0.776,0.224,,200300,,
0,0,,0.958,0.042,,166500,,
0,0,,1,0,,95000,,
0,0,,0.966,0.034,,101000,,
0,0,,0.954,0.046,,102200,,
0,0,,0.806,0.194,,166800,,
0,0,,1,0,,86600,,
0,0,,0.998,0.002,,87300,,
0,0,,0.982,0.018,,78200,,
0,0,,0.91,0.09,,85400,,
0,0,,0.994,0.006,,78300,,
0,0,,0.992,0.008,,103000,,
0,0,,0.99,0.01,,86200,,
0,0,,0.992,0.008,,95200,,
0,0,,1,0,,67500,,
0,0,,0.996,0.004,,78400,,
0,0,,1,0,,87100,,
0,0,,0.998,0.002,,93900,,
0,0,,0.998,0.002,,70500,,
0,0,,0.998,0.002,,80700,,
0,0,,0.996,0.004,,71200,,
0,0,,0.996,0.004,,91600,,
0,0,,0.998,0.002,,104900,,
0,0,,0.994,0.006,,88700,,
0,0,,0.884,0.116,,166100,,
0,0,,0.994,0.006,,89500,,
0,0,,0.964,0.036,,86500,,
0,0,,1,0,,78000,,
0,0,,0.992,0.008,,89800,,
0,0,,0.772,0.228,,184600,,
0,0,,0.994,0.006,,120400,,
0,0,,0.996,0.004,,113300,,
0,0,,0.648,0.352,,174800,,
0,0,,0.998,0.002,,76300,,
0,0,,0.99,0.01,,88900,,
0,0,,0.886,0.114,,162700,,
0,0,,1,0,,88100,,
0,0,,0.988,0.012,,87600,,
0,0,,0.998,0.002,,80600,,
0,0,,0.988,0.012,,97000,,
0,0,,0.986,0.014,,114000,,
0,0,,0.998,0.002,,80000,,
0,0,,0.992,0.008,,77000,,
0,0,,0.726,0.274,,163700,,
0,0,,0.99,0.01,,74000,,
0,0,,0.892,0.108,,149600,,
0,0,,0.892,0.108,,188700,,
0,0,,0.99,0.01,,97300,,
0,0,,0.878,0.122,,155900,,
0,0,,0.998,0.002,,111200,,
0,0,,0.996,0.004,,78200,,
0,0,,0.81,0.19,,161700,,
0,0,,0.99,0.01,,86600,,
0,0,,0.976,0.024,,98200,,
0,0,,0.998,0.002,,77100,,
0,0,,0.982,0.018,,90800,,
0,0,,0.998,0.002,,83300,,
0,0,,0.912,0.088,,158900,,
0,0,,0.998,0.002,,90300,,
0,0,,0.964,0.036,,129400,,
0,0,,1,0,,69900,,
0,0,,0.988,0.012,,95900,,
0,0,,0.994,0.006,,82600,,
0,0,,1,0,,138200,,
0,0,,0.978,0.022,,120900,,
0,0,,0.996,0.004,,84500,,
0,0,,0.998,0.002,,115400,,
0,0,,0.738,0.262,,120500,,
0,0,,1,0,,84900,,
0,0,,0.988,0.012,,106600,,
0,0,,0.998,0.002,,80600,,
0,0,,0.82,0.18,,182000,,
0,0,,0.998,0.002,,111700,,
0,0,,0.85,0.15,,187500,,
0,0,,0.986,0.014,,93100,,
0,0,,0.836,0.164,,189800,,
0,0,,0.988,0.012,,82200,,
0,0,,0.818,0.182,,103100,,
0,0,,0.998,0.002,,78500,,
0,0,,0.996,0.004,,84800,,
0,0,,0.912,0.088,,112100,,
0,0,,0.892,0.108,,180200,,
0,0,,0.992,0.008,,93600,,
1,1,,0.318,0.682,,147000,,
1,1,,0.306,0.694,,166700,,
1,1,,0.328,0.672,,152300,,
1,1,,0.16,0.84,,178900,,
1,1,,0.014,0.986,,143500,,
1,0,,0.836,0.164,,140200,,
1,1,,0.036,0.964,,109700,,
1,1,,0.014,0.986,,98500,,
1,1,,0.01,0.99,,102300,,
1,1,,0.008,0.992,,107700,,
1,1,,0.106,0.894,,153600,,
1,0,,0.618,0.382,,161900,,
1,1,,0.002,0.998,,105100,,
1,1,,0.028,0.972,,107900,,
1,1,,0.284,0.716,,150300,,
1,1,,0.192,0.808,,144400,,
1,1,,0.366,0.634,,161400,,
1,0,,0.63,0.37,,171200,,
1,1,,0.348,0.652,,175200,,
1,1,,0.018,0.982,,124800,,
1,1,,0,1,,117700,,
1,1,,0.06,0.94,,116200,,
1,1,,0,1,,97700,,
1,1,,0.46,0.54,,156800,,
1,1,,0.034,0.966,,100700,,
1,1,,0.022,0.978,,105100,,
1,1,,0.046,0.954,,107500,,
1,1,,0.142,0.858,,142500,,
1,1,,0.334,0.666,,162400,,
1,1,,0.092,0.908,,123500,,
1,1,,0.242,0.758,,148400,,
1,1,,0.014,0.986,,105000,,
1,1,,0.006,0.994,,108000,,
1,1,,0.108,0.892,,169700,,
1,1,,0.37,0.63,,141200,,
1,1,,0.02,0.98,,109200,,
1,1,,0.222,0.778,,163100,,
1,1,,0.006,0.994,,103300,,
1,1,,0.262,0.738,,204400,,
1,1,,0.008,0.992,,113200,,
1,1,,0.004,0.996,,114900,,
1,1,,0.382,0.618,,171300,,
1,1,,0.25,0.75,,158900,,
1,1,,0.178,0.822,,137900,,
1,1,,0.35,0.65,,172700,,
1,1,,0.184,0.816,,145000,,
1,0,,0.812,0.188,,225700,,
1,1,,0.152,0.848,,119900,,
1,1,,0.108,0.892,,134500,,
1,0,,0.586,0.414,,219300,,
1,1,,0.084,0.916,,164900,,
1,1,,0.276,0.724,,209400,,
1,1,,0.026,0.974,,145300,,
1,0,,0.904,0.096,,204200,,
1,0,,0.996,0.004,,111800,,
1,1,,0.002,0.998,,117700,,
1,1,,0.01,0.99,,112800,,
1,1,,0.454,0.546,,173500,,
1,1,,0.002,0.998,,104500,,
1,1,,0.492,0.508,,188100,,
1,1,,0.01,0.99,,108700,,
1,1,,0.31,0.69,,148600,,
1,1,,0.276,0.724,,154000,,
1,1,,0.094,0.906,,157300,,
1,1,,0.34,0.66,,157300,,
1,1,,0.246,0.754,,147400,,
1,0,,0.592,0.408,,159900,,
1,1,,0.096,0.904,,129800,,
1,1,,0.08,0.92,,112800,,
1,0,,0.93,0.07,,131700,,
1,0,,0.752,0.248,,202800,,
1,1,,0.444,0.556,,182800,,
1,1,,0.186,0.814,,136600,,
1,1,,0.012,0.988,,126700,,
1,1,,0.022,0.978,,107300,,
1,0,,0.638,0.362,,150700,,
1,1,,0.14,0.86,,118200,,
1,0,,0.74,0.26,,165900,,
1,1,,0.012,0.988,,114500,,
1,1,,0.444,0.556,,147100,,
1,1,,0.16,0.84,,134500,,
1,1,,0.356,0.644,,162400,,
1,1,,0.17,0.83,,118100,,
1,1,,0.42,0.58,,169200,,
1,1,,0.024,0.976,,111100,,
1,1,,0.142,0.858,,103700,,
1,0,,0.914,0.086,,117300,,
1,1,,0.21,0.79,,155800,,
1,1,,0.026,0.974,,102000,,
1,1,,0.294,0.706,,151900,,
1,1,,0.01,0.99,,123600,,
1,1,,0.01,0.99,,98800,,
1,1,,0.014,0.986,,99700,,
1,0,,0.804,0.196,,201200,,
1,0,,0.808,0.192,,204700,,
1,1,,0.16,0.84,,145700,,
1,1,,0.04,0.96,,117800,,
1,1,,0.374,0.626,,145100,,
1,1,,0.006,0.994,,122400,,
1,1,,0.044,0.956,,107600,,
1,1,,0.042,0.958,,103600,,
1,1,,0.172,0.828,,133300,,
1,1,,0.068,0.932,,100600,,
1,1,,0.364,0.636,,152100,,
1,1,,0.01,0.99,,105300,,
1,1,,0.41,0.59,,187500,,
1,0,,0.766,0.234,,199700,,
1,1,,0.452,0.548,,191200,,
1,1,,0.022,0.978,,115900,,
1,1,,0.314,0.686,,164900,,
1,0,,0.666,0.334,,169400,,
1,1,,0.222,0.778,,138300,,
1,1,,0.12,0.88,,136400,,
1,0,,0.698,0.302,,180400,,
1,1,,0,1,,124800,,
1,1,,0.008,0.992,,96900,,
1,1,,0.368,0.632,,158800,,
1,0,,0.722,0.278,,159000,,
1,1,,0.02,0.98,,112900,,
1,1,,0.002,0.998,,115400,,
1,1,,0.166,0.834,,158500,,
1,1,,0.446,0.554,,111200,,
1,1,,0.1,0.9,,122000,,
1,0,,0.502,0.498,,168700,,
1,1,,0.212,0.788,,122700,,
1,1,,0.276,0.724,,132100,,
1,1,,0.254,0.746,,190700,,
1,0,,0.718,0.282,,211400,,
1,1,,0.312,0.688,,122200,,
1,1,,0.054,0.946,,125300,,
1,0,,0.542,0.458,,214000,,
1,1,,0.026,0.974,,131800,,
1,1,,0.026,0.974,,110400,,
1,1,,0.206,0.794,,156700,,
1,1,,0.288,0.712,,160400,,
1,1,,0.036,0.964,,116100,,
1,1,,0.004,0.996,,96800,,
1,0,,0.856,0.144,,205800,,
1,0,,0.842,0.158,,188500,,
1,1,,0.064,0.936,,110300,,
1,1,,0.43,0.57,,164400,,
1,0,,0.806,0.194,,166300,,
1,1,,0.402,0.598,,163800,,
1,1,,0.27,0.73,,118100,,
1,1,,0.004,0.996,,114800,,
1,1,,0.326,0.674,,145800,,
1,1,,0.198,0.802,,155100,,
1,1,,0.29,0.71,,356300,,
1,1,,0.106,0.894,,212300,,
1,1,,0.49,0.51,,220800,,
1,1,,0.012,0.988,,154900,,
1,1,,0.268,0.732,,239800,,
1,0,,0.742,0.258,,255100,,
1,1,,0.162,0.838,,193200,,
1,1,,0.034,0.966,,149500,,
1,1,,0.38,0.62,,219700,,
1,1,,0.31,0.69,,235400,,
1,1,,0.056,0.944,,143800,,
1,1,,0.032,0.968,,141800,,
1,1,,0.002,0.998,,120800,,
1,1,,0.172,0.828,,191300,,
1,1,,0.032,0.968,,132300,,
1,1,,0.106,0.894,,169000,,
1,1,,0.44,0.56,,199200,,
1,1,,0.362,0.638,,182000,,
1,1,,0.01,0.99,,152400,,
1,1,,0.006,0.994,,123800,,
1,1,,0.106,0.894,,118000,,
1,1,,0.006,0.994,,141600,,
1,1,,0.034,0.966,,122400,,
1,0,,0.99,0.01,,144900,,
1,1,,0.29,0.71,,205400,,
1,1,,0.294,0.706,,219500,,
1,0,,0.62,0.38,,243300,,
1,1,,0.416,0.584,,225300,,
1,1,,0.01,0.99,,144700,,
1,1,,0.294,0.706,,189800,,
1,1,,0.01,0.99,,139300,,
1,1,,0.396,0.604,,185500,,
1,1,,0.334,0.666,,163000,,
1,1,,0.248,0.752,,161900,,
1,1,,0.052,0.948,,120000,,
1,1,,0.362,0.638,,152400,,
1,1,,0.008,0.992,,146900,,
1,1,,0.15,0.85,,142900,,
1,1,,0.136,0.864,,137200,,
1,1,,0.442,0.558,,109400,,
1,1,,0.11,0.89,,161600,,
1,1,,0.02,0.98,,106600,,
1,0,,0.68,0.32,,185200,,
1,0,,0.652,0.348,,198200,,
1,1,,0.256,0.744,,186400,,
1,0,,0.572,0.428,,178100,,
1,1,,0.338,0.662,,201600,,
1,1,,0.004,0.996,,125900,,
1,1,,0.006,0.994,,111700,,
1,0,,0.792,0.208,,217700,,
1,1,,0.01,0.99,,117100,,
1,1,,0.284,0.716,,152400,,
1,1,,0.114,0.886,,146500,,
1,1,,0.006,0.994,,109200,,
1,1,,0.328,0.672,,162700,,
1,1,,0.076,0.924,,110600,,
1,1,,0.052,0.948,,100500,,
1,0,,0.858,0.142,,183900,,
1,1,,0.074,0.926,,162100,,
1,1,,0.39,0.61,,164100,,
1,1,,0.084,0.916,,127000,,
1,0,,0.554,0.446,,213900,,
1,0,,0.72,0.28,,215300,,
1,1,,0.238,0.762,,134800,,
1,1,,0.014,0.986,,107600,,
1,1,,0.008,0.992,,101500,,
1,0,,0.896,0.104,,221300,,
1,1,,0.006,0.994,,111300,,
1,1,,0.02,0.98,,112500,,
1,1,,0.346,0.654,,186200,,
1,1,,0.434,0.566,,169600,,
1,1,,0.282,0.718,,147800,,
1,1,,0.438,0.562,,177300,,
1,1,,0.144,0.856,,130900,,
1,1,,0.442,0.558,,168000,,
1,1,,0.078,0.922,,138400,,
1,1,,0.074,0.926,,135900,,
1,0,,0.828,0.172,,150900,,
1,1,,0.018,0.982,,119600,,
1,1,,0.084,0.916,,120500,,
1,0,,0.618,0.382,,216200,,
1,1,,0.01,0.99,,112100,,
1,1,,0.382,0.618,,132600,,
1,1,,0.052,0.948,,111200,,
1,1,,0.336,0.664,,108700,,
1,1,,0.368,0.632,,174800,,
1,1,,0.2,0.8,,129700,,
1,1,,0.032,0.968,,116100,,
1,1,,0.352,0.648,,173500,,
1,1,,0.016,0.984,,116300,,
1,0,,0.698,0.302,,225900,,
1,0,,0.568,0.432,,249600,,
1,1,,0.022,0.978,,123600,,
1,1,,0.022,0.978,,114200,,
1,1,,0.32,0.68,,135300,,
1,0,,0.656,0.344,,158000,,
1,1,,0.228,0.772,,190000,,
1,0,,0.708,0.292,,190200,,
1,1,,0.146,0.854,,172600,,
1,0,,0.526,0.474,,249900,,
1,0,,0.948,0.052,,200400,,
1,1,,0.058,0.942,,147800,,
1,1,,0.212,0.788,,150300,,
1,1,,0.426,0.574,,119700,,
1,1,,0.032,0.968,,135400,,
1,1,,0.26,0.74,,170400,,
1,1,,0.012,0.988,,120200,,
1,1,,0.028,0.972,,104800,,
1,0,,0.854,0.146,,151000,,
1,1,,0.276,0.724,,187400,,
1,0,,0.568,0.432,,186500,,
1,1,,0.098,0.902,,148000,,
1,0,,0.562,0.438,,194500,,
1,1,,0.002,0.998,,134700,,
1,1,,0.024,0.976,,115900,,
1,1,,0.274,0.726,,117900,,
1,0,,0.8,0.2,,210900,,
1,1,,0.008,0.992,,121200,,
1,1,,0,1,,119700,,
1,1,,0.22,0.78,,164900,,
1,0,,0.776,0.224,,162200,,
1,1,,0.038,0.962,,112700,,
1,0,,0.5,0.5,,186600,,
1,1,,0.302,0.698,,142500,,
1,1,,0.064,0.936,,114300,,
1,1,,0.066,0.934,,92300,,
1,1,,0.084,0.916,,118500,,
1,1,,0.242,0.758,,160200,,
1,0,,0.738,0.262,,159300,,
1,1,,0.174,0.826,,143600,,
1,1,,0,1,,108000,,
1,1,,0.186,0.814,,167800,,
1,1,,0.434,0.566,,234600,,
1,0,,0.734,0.266,,243900,,
1,1,,0.022,0.978,,124900,,
1,1,,0.016,0.984,,126700,,
1,0,,0.714,0.286,,186300,,
1,1,,0.166,0.834,,138500,,
1,1,,0.052,0.948,,110800,,
1,1,,0.15,0.85,,120400,,
1,1,,0.228,0.772,,192200,,
1,0,,0.514,0.486,,203200,,
1,1,,0.31,0.69,,174800,,
1,0,,0.694,0.306,,151300,,
1,1,,0.432,0.568,,166000,,
1,0,,0.796,0.204,,217700,,
1,1,,0.026,0.974,,132300,,
1,1,,0.126,0.874,,174300,,
1,1,,0.07,0.93,,133500,,
1,1,,0.004,0.996,,114800,,
1,1,,0.03,0.97,,105600,,
1,1,,0.414,0.586,,151700,,
1,1,,0.354,0.646,,168200,,
1,1,,0.374,0.626,,162200,,
1,1,,0.244,0.756,,163600,,
1,1,,0.308,0.692,,174200,,
1,1,,0.002,0.998,,133000,,
1,1,,0.222,0.778,,182500,,
1,0,,0.524,0.476,,234100,,
1,1,,0.328,0.672,,148400,,
1,1,,0.038,0.962,,129400,,
1,1,,0.024,0.976,,114000,,
1,1,,0.026,0.974,,136700,,
1,1,,0.412,0.588,,167000,,
1,1,,0.064,0.936,,125100,,
1,1,,0.002,0.998,,118900,,
1,1,,0.064,0.936,,104400,,
1,1,,0.354,0.646,,168800,,
1,1,,0.47,0.53,,203900,,
1,1,,0.434,0.566,,175200,,
1,1,,0.07,0.93,,122000,,
1,1,,0.36,0.64,,157100,,
1,0,,0.86,0.14,,212700,,
1,1,,0.022,0.978,,112800,,
1,1,,0.206,0.794,,148800,,
1,1,,0.296,0.704,,147400,,
1,1,,0.37,0.63,,137600,,
1,1,,0.008,0.992,,136000,,
1,1,,0.018,0.982,,107900,,
1,1,,0.178,0.822,,151600,,
1,1,,0.166,0.834,,150600,,
1,1,,0.048,0.952,,116200,,
1,1,,0.03,0.97,,104300,,
1,1,,0.016,0.984,,108900,,
1,1,,0.026,0.974,,130300,,
1,1,,0.074,0.926,,110900,,
1,1,,0.402,0.598,,193100,,
1,1,,0.364,0.636,,146900,,
1,0,,0.594,0.406,,153900,,
1,0,,0.93,0.07,,120300,,
1,1,,0.108,0.892,,137800,,
1,1,,0.388,0.612,,150800,,
1,1,,0.09,0.91,,113600,,
1,1,,0.478,0.522,,150600,,
1,1,,0.096,0.904,,135500,,
1,1,,0.16,0.84,,124000,,
1,1,,0.03,0.97,,111200,,
1,1,,0.166,0.834,,122000,,
1,1,,0.018,0.982,,110200,,
1,1,,0.178,0.822,,167300,,
1,1,,0.014,0.986,,104700,,
1,0,,0.884,0.116,,261200,,
1,1,,0.054,0.946,,129600,,
1,1,,0.008,0.992,,122300,,
1,0,,0.828,0.172,,178400,,
1,1,,0.004,0.996,,138300,,
1,1,,0.404,0.596,,273800,,
1,1,,0.15,0.85,,165500,,
1,1,,0.006,0.994,,126700,,
1,1,,0.304,0.696,,212400,,
1,1,,0.122,0.878,,170400,,
1,1,,0,1,,126700,,
1,0,,0.84,0.16,,247100,,
1,0,,0.67,0.33,,342900,,
1,0,,0.782,0.218,,257800,,
1,1,,0.052,0.948,,190500,,
1,0,,0.508,0.492,,237100,,
1,1,,0.306,0.694,,165100,,
1,1,,0.238,0.762,,179800,,
1,1,,0.062,0.938,,166400,,
1,1,,0.004,0.996,,139300,,
1,0,,0.644,0.356,,291600,,
1,0,,0.59,0.41,,221400,,
1,1,,0.202,0.798,,196600,,
1,1,,0.038,0.962,,160100,,
1,0,,0.64,0.36,,265700,,
1,1,,0.082,0.918,,168400,,
1,1,,0.03,0.97,,135300,,
1,1,,0.334,0.666,,161200,,
1,1,,0.004,0.996,,115000,,
1,1,,0.29,0.71,,186400,,
1,1,,0.31,0.69,,155900,,
1,1,,0.014,0.986,,127800,,
1,1,,0.014,0.986,,122500,,
1,1,,0,1,,103400,,
1,0,,0.606,0.394,,191200,,
1,1,,0.028,0.972,,128600,,
1,1,,0.03,0.97,,102800,,
1,1,,0.312,0.688,,121100,,
1,1,,0.46,0.54,,166800,,
1,1,,0.024,0.976,,129200,,
1,0,,0.914,0.086,,194500,,
1,1,,0.002,0.998,,111200,,
1,1,,0.008,0.992,,101100,,
1,1,,0.278,0.722,,146900,,
1,1,,0.27,0.73,,162400,,
1,1,,0.066,0.934,,135700,,
1,1,,0.016,0.984,,112500,,
1,1,,0.008,0.992,,112000,,
1,1,,0.102,0.898,,164600,,
1,1,,0.372,0.628,,153100,,
1,1,,0.22,0.78,,166000,,
1,1,,0.368,0.632,,141900,,
1,1,,0.288,0.712,,153600,,
1,1,,0.22,0.78,,162500,,
1,1,,0.08,0.92,,133400,,
1,1,,0.014,0.986,,110500,,
1,1,,0.316,0.684,,134800,,
1,0,,0.626,0.374,,156600,,
1,1,,0.286,0.714,,135800,,
1,1,,0.414,0.586,,161000,,
1,1,,0.044,0.956,,140800,,
1,1,,0.444,0.556,,111400,,
1,1,,0.06,0.94,,116700,,
1,1,,0.416,0.584,,178600,,
1,0,,0.952,0.048,,117000,,
1,1,,0.334,0.666,,124600,,
1,0,,0.782,0.218,,186600,,
1,1,,0.144,0.856,,144700,,
1,1,,0.282,0.718,,151700,,
1,1,,0.252,0.748,,140000,,
1,1,,0.312,0.688,,151100,,
1,1,,0.01,0.99,,126400,,
1,0,,0.706,0.294,,202100,,
1,1,,0.072,0.928,,132500,,
1,1,,0.008,0.992,,109700,,
1,0,,0.766,0.234,,163300,,
1,1,,0.06,0.94,,109500,,
1,0,,0.556,0.444,,150800,,
1,0,,0.892,0.108,,152100,,
1,1,,0.248,0.752,,135700,,
1,1,,0.472,0.528,,150400,,
1,1,,0.328,0.672,,119800,,
1,1,,0.234,0.766,,116100,,
1,1,,0.126,0.874,,133400,,
1,1,,0.384,0.616,,159500,,
1,1,,0.012,0.988,,126000,,
1,1,,0.338,0.662,,150300,,
1,1,,0.002,0.998,,113300,,
1,0,,0.726,0.274,,156200,,
1,1,,0.234,0.766,,119500,,
1,1,,0.008,0.992,,114400,,
1,1,,0.348,0.652,,144300,,
1,1,,0.4,0.6,,128600,,
1,1,,0.312,0.688,,191200,,
1,1,,0.184,0.816,,123500,,
1,1,,0.012,0.988,,120900,,
1,1,,0.014,0.986,,107600,,
1,1,,0.028,0.972,,104400,,
1,1,,0.03,0.97,,96300,,
1,1,,0.002,0.998,,101300,,
1,1,,0.104,0.896,,149900,,
1,1,,0.012,0.988,,101700,,
1,1,,0.24,0.76,,139600,,
1,0,,0.866,0.134,,232800,,
1,1,,0.476,0.524,,192400,,
1,1,,0.394,0.606,,168200,,
1,1,,0.148,0.852,,152600,,
1,1,,0.294,0.706,,136200,,
1,1,,0.044,0.956,,118200,,
1,1,,0.082,0.918,,124900,,
1,1,,0.274,0.726,,155200,,
1,1,,0.392,0.608,,119100,,
1,1,,0.004,0.996,,118500,,
1,0,,0.904,0.096,,152800,,
1,1,,0.038,0.962,,103500,,
1,1,,0.052,0.948,,120200,,
1,1,,0.012,0.988,,114500,,
1,1,,0.024,0.976,,106700,,
1,1,,0.032,0.968,,111800,,
1,1,,0.006,0.994,,99900,,
1,0,,0.764,0.236,,151600,,
1,1,,0.016,0.984,,106600,,
1,1,,0.014,0.986,,97200,,
1,1,,0.032,0.968,,97800,,
1,1,,0.194,0.806,,124200,,
1,1,,0.046,0.954,,128700,,
1,1,,0.102,0.898,,108600,,
1,1,,0.01,0.99,,106500,,
1,1,,0.306,0.694,,190300,,
1,1,,0.11,0.89,,145300,,
1,0,,0.79,0.21,,208400,,
1,1,,0.238,0.762,,122800,,
1,1,,0.27,0.73,,183900,,
1,1,,0.342,0.658,,176100,,
1,1,,0.058,0.942,,120400,,
1,1,,0.302,0.698,,159300,,
1,1,,0.162,0.838,,124300,,
1,0,,0.54,0.46,,197800,,
1,0,,0.91,0.09,,198300,,
1,1,,0.438,0.562,,174400,,
1,1,,0.18,0.82,,140800,,
1,1,,0.028,0.972,,137500,,
1,0,,0.504,0.496,,188400,,
1,1,,0.01,0.99,,106900,,
1,1,,0.012,0.988,,106300,,
1,1,,0.004,0.996,,107300,,
1,1,,0.018,0.982,,107600,,
1,1,,0.004,0.996,,106000,,
1,0,,0.642,0.358,,146500,,
1,1,,0.212,0.788,,124900,,
1,1,,0.122,0.878,,175800,,
1,1,,0.098,0.902,,141200,,
1,1,,0.22,0.78,,141400,,
1,1,,0.002,0.998,,108500,,
1,1,,0.04,0.96,,115400,,
1,1,,0.014,0.986,,97100,,
1,1,,0.27,0.73,,195000,,
1,1,,0.144,0.856,,137700,,
1,0,,0.604,0.396,,148000,,
1,1,,0.01,0.99,,106300,,
1,0,,0.632,0.368,,199600,,