bank,RandF500,test,1,NANOSECONDS,PREDICTIONS, Generated by Experiments.java on 2022-02-22 16:07:47.    SYSTEMPROPERTIES:{user.name:Joshu,os.arch:amd64,os.name:Windows 10},ENDSYSTEMPROPERTIES
No parameter info
0.9009287925696594,6531636700,1144985300,-1,55103200,2,,-1,-1
0,0,,0.998,0.002,,809700,,
0,0,,0.966,0.034,,810300,,
0,0,,0.85,0.15,,873800,,
0,0,,0.828,0.172,,598100,,
0,0,,0.998,0.002,,1242800,,
0,0,,0.99,0.01,,1231600,,
0,0,,0.996,0.004,,2335600,,
0,0,,0.642,0.358,,701400,,
0,0,,1,0,,422800,,
0,0,,0.948,0.052,,635400,,
0,0,,0.892,0.108,,493500,,
0,0,,0.802,0.198,,446000,,
0,0,,0.92,0.08,,572700,,
0,0,,0.746,0.254,,765500,,
0,0,,0.986,0.014,,863100,,
0,0,,0.974,0.026,,571000,,
0,0,,0.936,0.064,,489200,,
0,0,,0.98,0.02,,460600,,
0,0,,0.974,0.026,,1722200,,
0,0,,0.954,0.046,,885900,,
0,0,,0.56,0.44,,751700,,
0,0,,0.856,0.144,,543500,,
0,0,,0.972,0.028,,1622900,,
0,0,,1,0,,545600,,
0,0,,0.99,0.01,,2459700,,
0,0,,0.742,0.258,,1763200,,
0,0,,0.986,0.014,,2335000,,
0,0,,0.98,0.02,,614100,,
0,0,,0.998,0.002,,866100,,
0,0,,0.992,0.008,,480900,,
0,0,,0.97,0.03,,515300,,
0,0,,0.824,0.176,,701100,,
0,0,,0.97,0.03,,457900,,
0,0,,0.738,0.262,,581800,,
0,0,,0.696,0.304,,581800,,
0,0,,0.944,0.056,,516000,,
0,0,,0.98,0.02,,449600,,
0,0,,0.724,0.276,,613800,,
0,0,,0.634,0.366,,317700,,
0,0,,0.986,0.014,,325600,,
0,0,,0.846,0.154,,402900,,
0,0,,0.872,0.128,,499900,,
0,0,,0.992,0.008,,515600,,
0,0,,1,0,,776500,,
0,0,,0.998,0.002,,1462600,,
0,0,,0.884,0.116,,2669800,,
0,0,,0.994,0.006,,549200,,
0,0,,0.752,0.248,,594100,,
0,0,,0.624,0.376,,490700,,
0,0,,0.998,0.002,,470300,,
0,0,,1,0,,429600,,
0,0,,0.918,0.082,,414200,,
0,0,,0.996,0.004,,290100,,
0,0,,0.852,0.148,,456800,,
0,0,,0.98,0.02,,500600,,
0,0,,0.864,0.136,,388100,,
0,0,,0.94,0.06,,398600,,
0,0,,0.98,0.02,,423200,,
0,0,,0.998,0.002,,296600,,
0,0,,0.994,0.006,,353200,,
0,0,,0.99,0.01,,292200,,
0,0,,1,0,,296800,,
0,0,,0.978,0.022,,388300,,
0,0,,0.99,0.01,,342800,,
0,0,,0.878,0.122,,496700,,
0,0,,0.974,0.026,,320600,,
0,0,,0.998,0.002,,349600,,
0,0,,0.882,0.118,,472900,,
0,0,,0.99,0.01,,365300,,
0,0,,0.982,0.018,,365400,,
0,0,,0.994,0.006,,357900,,
0,0,,0.998,0.002,,636600,,
0,0,,1,0,,382600,,
0,0,,0.902,0.098,,683800,,
0,0,,0.794,0.206,,594500,,
0,0,,1,0,,524100,,
0,0,,0.986,0.014,,469900,,
0,0,,0.976,0.024,,503300,,
0,0,,0.996,0.004,,597100,,
0,0,,0.912,0.088,,1633600,,
0,0,,0.982,0.018,,1750100,,
0,0,,1,0,,1330000,,
0,0,,1,0,,855500,,
0,0,,0.992,0.008,,730400,,
0,0,,0.592,0.408,,1152200,,
0,0,,0.74,0.26,,1232400,,
0,0,,1,0,,1122200,,
0,0,,0.994,0.006,,978100,,
0,0,,0.976,0.024,,952000,,
0,0,,0.988,0.012,,741500,,
0,0,,0.608,0.392,,879800,,
0,0,,0.99,0.01,,930000,,
0,0,,0.64,0.36,,579100,,
0,0,,0.9,0.1,,729900,,
0,0,,0.988,0.012,,1553700,,
0,0,,0.998,0.002,,2119000,,
0,0,,0.978,0.022,,1462100,,
0,0,,0.592,0.408,,1114400,,
0,0,,0.958,0.042,,806600,,
0,0,,0.988,0.012,,752400,,
0,0,,0.804,0.196,,863000,,
0,0,,0.992,0.008,,672200,,
0,0,,0.994,0.006,,607400,,
0,0,,1,0,,499500,,
0,0,,0.876,0.124,,561200,,
0,0,,0.706,0.294,,668000,,
0,0,,0.92,0.08,,742700,,
0,0,,0.96,0.04,,642800,,
0,0,,0.982,0.018,,589000,,
0,0,,0.96,0.04,,553100,,
0,0,,0.592,0.408,,1047400,,
0,0,,0.994,0.006,,744800,,
0,0,,0.88,0.12,,818500,,
0,0,,0.964,0.036,,640500,,
0,0,,0.832,0.168,,1174900,,
0,0,,0.702,0.298,,1701700,,
0,0,,0.992,0.008,,1766300,,
0,0,,0.998,0.002,,937700,,
0,0,,0.898,0.102,,828300,,
0,0,,1,0,,681300,,
0,0,,1,0,,945400,,
0,0,,0.98,0.02,,734400,,
0,0,,0.996,0.004,,630500,,
0,0,,0.998,0.002,,560000,,
0,0,,0.688,0.312,,814100,,
0,0,,0.994,0.006,,638900,,
0,0,,0.822,0.178,,648400,,
0,0,,0.988,0.012,,627500,,
0,0,,0.974,0.026,,625300,,
0,0,,0.996,0.004,,603900,,
0,0,,0.624,0.376,,854200,,
0,0,,1,0,,500300,,
0,0,,1,0,,1384800,,
0,0,,1,0,,1332200,,
0,0,,0.918,0.082,,1659200,,
0,0,,0.998,0.002,,707600,,
0,0,,0.972,0.028,,738600,,
0,0,,0.98,0.02,,1004500,,
0,0,,0.966,0.034,,653800,,
0,0,,0.992,0.008,,612400,,
0,0,,0.968,0.032,,873400,,
0,0,,0.74,0.26,,846600,,
0,0,,0.682,0.318,,737400,,
0,0,,0.93,0.07,,646400,,
0,0,,1,0,,514300,,
0,0,,0.99,0.01,,600900,,
0,0,,0.986,0.014,,526900,,
0,0,,0.982,0.018,,482300,,
0,0,,0.896,0.104,,688300,,
0,1,,0.368,0.632,,470300,,
0,0,,0.994,0.006,,674000,,
0,0,,0.85,0.15,,671200,,
0,0,,1,0,,537200,,
0,0,,0.996,0.004,,508800,,
0,0,,0.978,0.022,,641200,,
0,0,,0.612,0.388,,518000,,
0,0,,0.988,0.012,,1759100,,
0,0,,0.996,0.004,,1166300,,
0,0,,0.998,0.002,,1782400,,
0,0,,0.542,0.458,,538000,,
0,0,,0.914,0.086,,666500,,
0,0,,0.628,0.372,,762700,,
0,0,,0.964,0.036,,620300,,
0,0,,0.81,0.19,,633600,,
0,0,,0.898,0.102,,751900,,
0,0,,0.988,0.012,,520400,,
0,0,,1,0,,498700,,
0,0,,0.998,0.002,,558300,,
0,0,,0.974,0.026,,485000,,
0,0,,0.996,0.004,,543000,,
0,0,,0.958,0.042,,582600,,
0,0,,0.872,0.128,,577600,,
0,0,,0.944,0.056,,663100,,
0,0,,1,0,,737300,,
0,0,,0.988,0.012,,565100,,
0,0,,0.902,0.098,,632300,,
0,0,,0.994,0.006,,538100,,
0,0,,0.992,0.008,,585300,,
0,0,,0.83,0.17,,1495000,,
0,0,,0.988,0.012,,1207800,,
0,0,,0.986,0.014,,3254700,,
0,0,,0.966,0.034,,1528900,,
0,0,,0.956,0.044,,640500,,
0,0,,0.994,0.006,,594400,,
0,0,,0.95,0.05,,593300,,
0,0,,0.882,0.118,,511100,,
0,0,,0.99,0.01,,604700,,
0,0,,0.872,0.128,,677000,,
0,0,,0.96,0.04,,600900,,
0,0,,0.93,0.07,,617700,,
0,0,,0.994,0.006,,472800,,
0,0,,0.994,0.006,,478100,,
0,0,,0.792,0.208,,717500,,
0,0,,0.978,0.022,,575500,,
0,0,,0.892,0.108,,572800,,
0,0,,0.856,0.144,,555200,,
0,0,,1,0,,878500,,
0,0,,0.992,0.008,,879200,,
0,0,,0.838,0.162,,801700,,
0,0,,0.994,0.006,,471400,,
0,0,,0.91,0.09,,831200,,
0,0,,0.992,0.008,,531000,,
0,0,,0.648,0.352,,637800,,
0,0,,0.99,0.01,,602200,,
0,0,,0.994,0.006,,472200,,
0,0,,0.968,0.032,,541000,,
0,0,,0.996,0.004,,457300,,
0,0,,0.892,0.108,,565700,,
0,0,,0.99,0.01,,518700,,
0,0,,0.992,0.008,,462400,,
0,0,,1,0,,442500,,
0,0,,1,0,,439300,,
0,0,,0.994,0.006,,456600,,
0,0,,0.976,0.024,,592800,,
0,0,,0.548,0.452,,496400,,
0,0,,0.786,0.214,,596000,,
0,0,,0.954,0.046,,595800,,
0,0,,0.996,0.004,,451900,,
0,0,,0.978,0.022,,440000,,
0,0,,0.994,0.006,,580700,,
0,0,,0.814,0.186,,565600,,
0,0,,0.536,0.464,,689400,,
0,0,,0.896,0.104,,501000,,
0,0,,0.948,0.052,,549900,,
0,0,,0.966,0.034,,637000,,
0,0,,0.944,0.056,,483100,,
0,0,,0.938,0.062,,762800,,
0,0,,0.988,0.012,,935200,,
0,0,,0.946,0.054,,2779500,,
0,0,,0.932,0.068,,1167500,,
0,0,,0.966,0.034,,600400,,
0,0,,0.986,0.014,,594300,,
0,0,,0.962,0.038,,535600,,
0,0,,0.82,0.18,,763000,,
0,0,,0.986,0.014,,507200,,
0,0,,0.994,0.006,,518200,,
0,0,,0.518,0.482,,673000,,
0,0,,1,0,,428100,,
0,0,,0.972,0.028,,586100,,
0,0,,0.994,0.006,,472600,,
0,0,,0.998,0.002,,467800,,
0,0,,0.998,0.002,,424500,,
0,0,,1,0,,515700,,
0,0,,0.996,0.004,,545200,,
0,0,,0.92,0.08,,412100,,
0,0,,0.992,0.008,,955100,,
0,0,,0.972,0.028,,970100,,
0,0,,0.886,0.114,,1708700,,
0,0,,0.99,0.01,,684200,,
0,0,,0.804,0.196,,693300,,
0,0,,0.826,0.174,,691100,,
0,0,,1,0,,674100,,
0,0,,0.992,0.008,,604300,,
0,0,,0.996,0.004,,535800,,
0,0,,1,0,,428500,,
0,0,,1,0,,524600,,
0,0,,0.922,0.078,,601700,,
0,0,,0.916,0.084,,618300,,
0,0,,0.996,0.004,,508900,,
0,1,,0.406,0.594,,498700,,
0,0,,0.992,0.008,,570100,,
0,0,,0.974,0.026,,578300,,
0,0,,0.77,0.23,,695400,,
0,0,,0.994,0.006,,521400,,
0,0,,0.992,0.008,,543500,,
0,0,,0.57,0.43,,816900,,
0,0,,1,0,,475300,,
0,0,,0.964,0.036,,700200,,
0,0,,0.99,0.01,,464400,,
0,0,,1,0,,404200,,
0,0,,0.99,0.01,,778500,,
0,0,,0.98,0.02,,712100,,
0,0,,0.95,0.05,,907800,,
0,0,,0.726,0.274,,1791000,,
0,0,,0.996,0.004,,560400,,
0,0,,0.682,0.318,,643600,,
0,0,,0.992,0.008,,652700,,
0,0,,0.606,0.394,,651700,,
0,0,,0.964,0.036,,663400,,
0,0,,1,0,,544600,,
0,0,,0.996,0.004,,577900,,
0,0,,0.946,0.054,,609600,,
0,0,,0.976,0.024,,564800,,
0,0,,0.964,0.036,,648600,,
0,0,,0.872,0.128,,630500,,
0,0,,0.978,0.022,,511500,,
0,0,,0.966,0.034,,571900,,
0,0,,0.672,0.328,,685700,,
0,0,,0.93,0.07,,758900,,
0,0,,0.95,0.05,,437400,,
0,0,,0.828,0.172,,572000,,
0,0,,0.994,0.006,,443100,,
0,0,,1,0,,509500,,
0,0,,0.996,0.004,,516600,,
0,0,,0.968,0.032,,538200,,
0,0,,0.988,0.012,,665800,,
0,0,,0.994,0.006,,562500,,
0,0,,0.99,0.01,,842100,,
0,0,,0.998,0.002,,675900,,
0,0,,0.986,0.014,,599900,,
0,0,,0.996,0.004,,595300,,
0,0,,0.814,0.186,,442100,,
0,0,,0.992,0.008,,513600,,
0,0,,0.982,0.018,,494600,,
0,0,,0.658,0.342,,716200,,
0,1,,0.454,0.546,,833700,,
0,0,,0.998,0.002,,502900,,
0,0,,0.782,0.218,,696800,,
0,0,,0.954,0.046,,666900,,
0,0,,1,0,,558400,,
0,0,,0.984,0.016,,482800,,
0,0,,0.988,0.012,,507700,,
0,0,,0.962,0.038,,633700,,
0,0,,0.732,0.268,,657100,,
0,0,,0.674,0.326,,693300,,
0,0,,0.97,0.03,,662400,,
0,0,,1,0,,617100,,
0,0,,0.868,0.132,,595600,,
0,0,,0.99,0.01,,588000,,
0,0,,0.996,0.004,,567900,,
0,0,,0.958,0.042,,610800,,
0,0,,0.992,0.008,,633600,,
0,0,,0.996,0.004,,982700,,
0,0,,0.958,0.042,,1003400,,
0,0,,0.784,0.216,,719800,,
0,0,,1,0,,519200,,
0,0,,0.996,0.004,,472000,,
0,0,,0.932,0.068,,610300,,
0,0,,0.998,0.002,,506300,,
0,0,,0.962,0.038,,571300,,
0,1,,0.422,0.578,,609900,,
0,0,,0.998,0.002,,465700,,
0,0,,0.994,0.006,,611100,,
0,0,,0.984,0.016,,527200,,
0,0,,0.936,0.064,,603300,,
0,0,,0.91,0.09,,628000,,
0,0,,0.978,0.022,,450000,,
0,0,,0.988,0.012,,533400,,
0,0,,0.936,0.064,,662000,,
0,0,,0.998,0.002,,405400,,
0,0,,0.988,0.012,,529600,,
0,0,,0.736,0.264,,856400,,
0,0,,0.99,0.01,,675500,,
0,0,,0.794,0.206,,761500,,
0,0,,0.994,0.006,,452200,,
0,0,,0.946,0.054,,693500,,
0,0,,0.772,0.228,,970900,,
0,0,,0.624,0.376,,762400,,
0,0,,0.814,0.186,,815800,,
0,0,,0.998,0.002,,695900,,
0,0,,0.968,0.032,,684200,,
0,0,,0.924,0.076,,678900,,
0,0,,0.998,0.002,,511300,,
0,0,,0.962,0.038,,473700,,
0,0,,0.954,0.046,,579300,,
0,0,,0.998,0.002,,590700,,
0,0,,0.968,0.032,,524200,,
0,0,,0.954,0.046,,657000,,
0,0,,0.996,0.004,,496100,,
0,0,,0.858,0.142,,1223300,,
0,0,,0.984,0.016,,811400,,
0,0,,0.966,0.034,,769400,,
0,0,,0.986,0.014,,581000,,
0,0,,0.996,0.004,,654100,,
0,0,,0.988,0.012,,534400,,
0,0,,0.696,0.304,,704900,,
0,0,,0.986,0.014,,533200,,
0,0,,0.988,0.012,,583800,,
0,0,,0.964,0.036,,767100,,
0,0,,0.852,0.148,,663000,,
0,0,,0.978,0.022,,628900,,
0,0,,0.944,0.056,,944600,,
0,0,,0.846,0.154,,1151700,,
0,0,,0.722,0.278,,739700,,
0,0,,0.61,0.39,,615000,,
0,0,,0.978,0.022,,822400,,
0,0,,0.994,0.006,,675300,,
0,0,,0.924,0.076,,662700,,
0,0,,0.996,0.004,,551600,,
0,0,,0.876,0.124,,919400,,
0,0,,0.994,0.006,,568200,,
0,0,,1,0,,701000,,
0,0,,0.988,0.012,,615300,,
0,0,,0.93,0.07,,647700,,
0,0,,0.704,0.296,,643200,,
0,0,,0.934,0.066,,573200,,
0,0,,0.972,0.028,,512600,,
0,0,,0.982,0.018,,482500,,
0,0,,0.996,0.004,,452400,,
0,0,,0.976,0.024,,512700,,
0,0,,0.998,0.002,,501400,,
0,0,,0.986,0.014,,601000,,
0,0,,0.832,0.168,,764000,,
0,0,,0.984,0.016,,441200,,
0,0,,0.996,0.004,,471200,,
0,0,,0.996,0.004,,474700,,
0,0,,0.972,0.028,,532800,,
0,0,,0.864,0.136,,503200,,
0,0,,0.978,0.022,,567400,,
0,0,,0.996,0.004,,406500,,
0,0,,0.996,0.004,,687600,,
0,0,,0.994,0.006,,718700,,
0,0,,0.62,0.38,,687600,,
0,0,,0.982,0.018,,558600,,
0,0,,0.996,0.004,,437200,,
0,0,,0.952,0.048,,603300,,
0,0,,0.98,0.02,,547100,,
0,0,,0.942,0.058,,628200,,
0,0,,0.964,0.036,,557000,,
0,0,,0.986,0.014,,440200,,
0,0,,0.992,0.008,,496900,,
0,0,,0.892,0.108,,681500,,
0,0,,0.954,0.046,,582100,,
0,0,,0.896,0.104,,555500,,
0,0,,0.996,0.004,,461500,,
0,0,,0.94,0.06,,552000,,
0,0,,0.99,0.01,,472800,,
0,0,,0.632,0.368,,508100,,
0,0,,0.982,0.018,,491800,,
0,0,,0.83,0.17,,599100,,
0,0,,0.872,0.128,,457800,,
0,0,,0.976,0.024,,468600,,
0,0,,0.996,0.004,,616200,,
0,0,,0.994,0.006,,460400,,
0,0,,0.994,0.006,,430000,,
0,0,,0.74,0.26,,615200,,
0,0,,0.994,0.006,,446500,,
0,0,,0.89,0.11,,745300,,
0,0,,0.968,0.032,,680800,,
0,0,,0.992,0.008,,501800,,
0,0,,0.954,0.046,,771700,,
0,0,,0.8,0.2,,864900,,
0,0,,0.544,0.456,,679500,,
0,0,,0.96,0.04,,532500,,
0,0,,0.974,0.026,,589700,,
0,0,,0.99,0.01,,621500,,
0,0,,0.996,0.004,,480200,,
0,0,,0.988,0.012,,514400,,
0,0,,0.986,0.014,,497800,,
0,0,,0.998,0.002,,445500,,
0,0,,0.91,0.09,,568300,,
0,0,,0.736,0.264,,536500,,
0,0,,0.95,0.05,,536400,,
0,0,,0.994,0.006,,397700,,
0,0,,0.562,0.438,,614600,,
0,0,,0.998,0.002,,415600,,
0,0,,0.998,0.002,,402100,,
0,0,,0.894,0.106,,687400,,
0,0,,0.998,0.002,,451200,,
0,0,,0.984,0.016,,521400,,
0,0,,0.96,0.04,,775400,,
0,0,,0.982,0.018,,630700,,
0,0,,0.998,0.002,,399300,,
0,0,,0.652,0.348,,603900,,
0,0,,0.994,0.006,,483100,,
0,0,,0.552,0.448,,501800,,
0,0,,0.882,0.118,,635100,,
0,0,,0.972,0.028,,581100,,
0,0,,0.974,0.026,,505400,,
0,0,,0.992,0.008,,506400,,
0,0,,0.982,0.018,,497200,,
0,0,,0.97,0.03,,602300,,
0,0,,0.942,0.058,,696100,,
0,0,,0.722,0.278,,613800,,
0,0,,0.776,0.224,,817600,,
0,0,,0.98,0.02,,576500,,
0,0,,0.996,0.004,,438400,,
0,0,,0.866,0.134,,607200,,
0,0,,0.962,0.038,,503700,,
0,0,,1,0,,537300,,
0,0,,0.902,0.098,,599500,,
0,0,,1,0,,434200,,
0,1,,0.452,0.548,,535200,,
0,0,,0.944,0.056,,559300,,
0,0,,0.966,0.034,,463300,,
0,0,,0.608,0.392,,709500,,
0,0,,0.996,0.004,,566500,,
0,0,,0.994,0.006,,592300,,
0,0,,0.99,0.01,,782500,,
0,0,,0.73,0.27,,913900,,
0,0,,1,0,,528800,,
0,0,,0.998,0.002,,514000,,
0,0,,0.618,0.382,,788400,,
0,0,,0.992,0.008,,528000,,
0,0,,0.918,0.082,,684900,,
0,0,,1,0,,682600,,
0,0,,0.822,0.178,,913800,,
0,0,,0.962,0.038,,619000,,
0,0,,0.998,0.002,,553100,,
0,0,,0.992,0.008,,515400,,
0,0,,1,0,,476400,,
0,0,,0.996,0.004,,402100,,
0,0,,0.998,0.002,,505900,,
0,0,,0.994,0.006,,448200,,
0,0,,0.956,0.044,,476300,,
0,0,,0.998,0.002,,424200,,
0,0,,0.926,0.074,,612000,,
0,0,,0.74,0.26,,555900,,
0,0,,0.738,0.262,,679900,,
0,0,,0.952,0.048,,552800,,
0,0,,0.916,0.084,,389000,,
0,0,,0.998,0.002,,460400,,
0,0,,0.984,0.016,,463400,,
0,0,,0.686,0.314,,690900,,
0,0,,1,0,,459600,,
0,0,,0.996,0.004,,397200,,
0,0,,0.998,0.002,,519800,,
0,0,,0.794,0.206,,864400,,
0,0,,0.8,0.2,,657100,,
0,0,,0.968,0.032,,664000,,
0,0,,0.96,0.04,,551500,,
0,0,,0.888,0.112,,643700,,
0,0,,0.99,0.01,,469800,,
0,0,,0.892,0.108,,604700,,
0,0,,0.97,0.03,,611400,,
0,0,,0.93,0.07,,615800,,
0,0,,0.948,0.052,,773500,,
0,0,,0.998,0.002,,872600,,
0,0,,0.848,0.152,,596400,,
0,0,,0.988,0.012,,572000,,
0,0,,0.976,0.024,,532100,,
0,0,,0.968,0.032,,555400,,
0,0,,0.968,0.032,,535600,,
0,0,,0.986,0.014,,442600,,
0,0,,0.99,0.01,,491700,,
0,0,,0.996,0.004,,432100,,
0,0,,0.814,0.186,,670600,,
0,0,,0.982,0.018,,504300,,
0,0,,0.982,0.018,,506100,,
0,1,,0.426,0.574,,682300,,
0,0,,0.982,0.018,,524200,,
0,0,,0.882,0.118,,738400,,
0,0,,0.99,0.01,,546900,,
0,0,,0.996,0.004,,462600,,
0,0,,0.996,0.004,,371900,,
0,0,,0.916,0.084,,419000,,
0,0,,0.9,0.1,,347600,,
0,0,,0.962,0.038,,469800,,
0,0,,0.956,0.044,,314500,,
0,0,,0.99,0.01,,337300,,
0,0,,0.968,0.032,,300100,,
0,0,,0.994,0.006,,312500,,
0,0,,0.996,0.004,,274800,,
0,0,,0.984,0.016,,318600,,
0,0,,0.71,0.29,,394500,,
0,0,,0.992,0.008,,258800,,
0,0,,0.508,0.492,,370900,,
0,0,,0.97,0.03,,296500,,
0,0,,0.992,0.008,,296700,,
0,0,,0.574,0.426,,411100,,
0,0,,0.808,0.192,,392200,,
0,0,,0.98,0.02,,374700,,
0,0,,0.96,0.04,,329100,,
0,0,,0.998,0.002,,381400,,
0,0,,0.984,0.016,,384900,,
0,0,,0.98,0.02,,540300,,
0,0,,0.992,0.008,,338300,,
0,0,,0.936,0.064,,326000,,
0,0,,0.996,0.004,,295700,,
0,1,,0.432,0.568,,369500,,
0,0,,0.986,0.014,,328900,,
0,0,,0.996,0.004,,345600,,
0,0,,0.612,0.388,,498000,,
0,0,,0.99,0.01,,316500,,
0,0,,1,0,,245200,,
0,0,,1,0,,271000,,
0,0,,0.992,0.008,,304300,,
0,0,,0.996,0.004,,265000,,
0,0,,0.998,0.002,,253200,,
0,0,,0.868,0.132,,288800,,
0,0,,1,0,,262200,,
0,0,,0.982,0.018,,292200,,
0,0,,0.996,0.004,,235800,,
0,0,,0.998,0.002,,253800,,
0,0,,0.994,0.006,,306500,,
0,0,,0.998,0.002,,220600,,
0,0,,0.638,0.362,,333000,,
0,0,,0.848,0.152,,433300,,
0,0,,0.992,0.008,,232600,,
0,0,,0.962,0.038,,446600,,
0,0,,0.988,0.012,,337600,,
0,0,,0.778,0.222,,299200,,
0,0,,1,0,,278700,,
0,0,,0.944,0.056,,329900,,
0,0,,0.992,0.008,,263800,,
0,0,,0.81,0.19,,341400,,
0,0,,0.96,0.04,,316500,,
0,0,,1,0,,282100,,
0,0,,0.984,0.016,,290100,,
0,0,,0.912,0.088,,370100,,
0,0,,0.906,0.094,,404600,,
0,0,,0.99,0.01,,315400,,
0,0,,0.988,0.012,,310600,,
0,0,,0.99,0.01,,306000,,
0,0,,0.962,0.038,,387800,,
0,0,,0.814,0.186,,390500,,
0,0,,0.802,0.198,,347900,,
0,0,,0.954,0.046,,370700,,
0,0,,0.984,0.016,,306700,,
0,0,,0.878,0.122,,467400,,
0,0,,0.886,0.114,,312200,,
0,0,,0.83,0.17,,430400,,
0,0,,0.994,0.006,,435600,,
0,0,,0.996,0.004,,410100,,
0,0,,0.964,0.036,,350800,,
0,0,,0.946,0.054,,311300,,
0,0,,0.574,0.426,,366000,,
0,0,,0.742,0.258,,412500,,
0,0,,0.982,0.018,,387000,,
0,0,,1,0,,274000,,
0,0,,0.962,0.038,,328000,,
0,0,,0.586,0.414,,367900,,
0,0,,0.988,0.012,,319100,,
0,0,,0.998,0.002,,284200,,
0,0,,0.828,0.172,,458700,,
0,0,,0.992,0.008,,286100,,
0,0,,0.99,0.01,,347200,,
0,0,,0.876,0.124,,403300,,
0,0,,0.932,0.068,,361900,,
0,0,,1,0,,269800,,
0,0,,0.992,0.008,,309700,,
0,0,,0.992,0.008,,248000,,
0,0,,1,0,,230800,,
0,0,,0.966,0.034,,327800,,
0,0,,0.956,0.044,,430100,,
0,0,,1,0,,247200,,
0,0,,0.998,0.002,,346100,,
0,0,,1,0,,358200,,
0,0,,0.994,0.006,,310800,,
0,0,,0.98,0.02,,270800,,
0,0,,0.992,0.008,,322500,,
0,0,,0.998,0.002,,265100,,
0,0,,0.994,0.006,,228200,,
0,0,,1,0,,353100,,
0,0,,0.992,0.008,,293600,,
0,0,,0.996,0.004,,249500,,
0,0,,0.998,0.002,,227000,,
0,0,,0.864,0.136,,435500,,
0,0,,0.986,0.014,,262600,,
0,0,,0.834,0.166,,384700,,
0,0,,0.998,0.002,,265700,,
0,0,,0.966,0.034,,350300,,
0,0,,1,0,,230000,,
0,0,,0.986,0.014,,335200,,
0,0,,0.994,0.006,,263200,,
0,0,,0.748,0.252,,355200,,
0,0,,0.988,0.012,,269000,,
0,0,,0.926,0.074,,327300,,
0,0,,0.678,0.322,,327800,,
0,0,,0.996,0.004,,245800,,
0,0,,0.976,0.024,,366900,,
0,0,,0.796,0.204,,581300,,
0,0,,0.998,0.002,,436600,,
0,0,,0.998,0.002,,452200,,
0,0,,0.998,0.002,,426200,,
0,0,,0.986,0.014,,478100,,
0,0,,0.994,0.006,,286100,,
0,0,,0.996,0.004,,296400,,
0,0,,0.998,0.002,,271500,,
0,0,,0.97,0.03,,299300,,
0,0,,0.994,0.006,,271500,,
0,0,,0.818,0.182,,369800,,
0,0,,0.93,0.07,,324000,,
0,0,,0.99,0.01,,259400,,
0,0,,0.992,0.008,,343900,,
0,0,,0.996,0.004,,230200,,
0,0,,0.996,0.004,,227500,,
0,0,,0.968,0.032,,280700,,
0,0,,0.916,0.084,,270500,,
0,0,,0.976,0.024,,304800,,
0,0,,0.628,0.372,,444200,,
0,0,,0.998,0.002,,239600,,
0,0,,0.998,0.002,,241300,,
0,0,,0.878,0.122,,520600,,
0,0,,0.904,0.096,,372700,,
0,0,,0.972,0.028,,399300,,
0,0,,0.76,0.24,,397200,,
0,0,,0.984,0.016,,307600,,
0,0,,0.972,0.028,,301600,,
0,0,,0.982,0.018,,339500,,
0,0,,0.554,0.446,,359000,,
0,0,,0.806,0.194,,402100,,
0,1,,0.36,0.64,,249200,,
0,0,,0.982,0.018,,282500,,
0,0,,0.96,0.04,,354100,,
0,0,,0.688,0.312,,335100,,
0,0,,0.984,0.016,,383400,,
0,0,,0.99,0.01,,414500,,
0,1,,0.432,0.568,,328100,,
0,0,,0.992,0.008,,434600,,
0,0,,0.882,0.118,,432400,,
0,0,,0.988,0.012,,552200,,
0,0,,0.988,0.012,,548900,,
0,0,,0.934,0.066,,458100,,
0,0,,0.978,0.022,,453600,,
0,0,,0.952,0.048,,400200,,
0,0,,0.984,0.016,,426700,,
0,0,,0.994,0.006,,310300,,
0,0,,0.91,0.09,,514000,,
0,0,,0.898,0.102,,1226400,,
0,0,,0.996,0.004,,412000,,
0,0,,0.992,0.008,,434300,,
0,0,,0.838,0.162,,481200,,
0,0,,0.902,0.098,,474900,,
0,0,,0.994,0.006,,402400,,
0,0,,0.998,0.002,,362200,,
0,0,,0.956,0.044,,373400,,
0,0,,0.938,0.062,,461700,,
0,0,,0.994,0.006,,326400,,
0,0,,0.706,0.294,,394200,,
0,0,,0.976,0.024,,336300,,
0,0,,0.966,0.034,,790200,,
0,0,,0.974,0.026,,496100,,
0,0,,0.966,0.034,,443900,,
0,0,,0.998,0.002,,311200,,
0,0,,0.988,0.012,,303000,,
0,0,,0.992,0.008,,354900,,
0,0,,0.926,0.074,,449300,,
0,0,,0.996,0.004,,266900,,
0,0,,0.996,0.004,,259100,,
0,0,,0.978,0.022,,356700,,
0,0,,0.99,0.01,,313400,,
0,0,,0.996,0.004,,376400,,
0,0,,0.964,0.036,,310200,,
0,0,,0.996,0.004,,274200,,
0,0,,0.884,0.116,,328800,,
0,0,,0.998,0.002,,319800,,
0,0,,0.998,0.002,,282900,,
0,0,,0.996,0.004,,254700,,
0,0,,0.912,0.088,,370200,,
0,0,,0.794,0.206,,463600,,
0,0,,0.714,0.286,,428900,,
0,0,,0.98,0.02,,408600,,
0,0,,0.99,0.01,,302200,,
0,0,,0.964,0.036,,328400,,
0,0,,0.98,0.02,,341500,,
0,0,,0.78,0.22,,439600,,
0,0,,0.604,0.396,,327300,,
0,0,,0.992,0.008,,408400,,
0,0,,0.996,0.004,,285600,,
0,0,,0.658,0.342,,703200,,
0,0,,0.826,0.174,,844500,,
0,0,,0.984,0.016,,757300,,
0,0,,0.71,0.29,,594600,,
0,0,,1,0,,399500,,
0,0,,1,0,,346900,,
0,0,,0.784,0.216,,495200,,
0,0,,0.992,0.008,,495400,,
0,0,,0.806,0.194,,532300,,
0,0,,0.9,0.1,,585900,,
0,0,,0.988,0.012,,456500,,
0,0,,0.84,0.16,,482400,,
0,0,,0.95,0.05,,309700,,
0,1,,0.436,0.564,,248900,,
0,0,,1,0,,370400,,
0,0,,0.994,0.006,,335800,,
0,0,,0.572,0.428,,543600,,
0,0,,0.968,0.032,,532100,,
0,0,,0.998,0.002,,361200,,
0,0,,0.994,0.006,,492800,,
0,0,,0.818,0.182,,486100,,
0,0,,1,0,,344100,,
0,0,,0.544,0.456,,485700,,
0,0,,0.992,0.008,,343300,,
0,0,,0.998,0.002,,306100,,
0,0,,0.962,0.038,,383600,,
0,0,,0.812,0.188,,523300,,
0,0,,0.734,0.266,,550600,,
0,0,,0.652,0.348,,448500,,
0,0,,1,0,,389900,,
0,0,,0.988,0.012,,368900,,
0,0,,0.994,0.006,,328100,,
0,0,,0.996,0.004,,305500,,
0,0,,0.97,0.03,,547900,,
0,0,,1,0,,358700,,
0,0,,0.956,0.044,,485800,,
0,0,,0.744,0.256,,705600,,
0,0,,0.882,0.118,,1047900,,
0,0,,0.992,0.008,,786700,,
0,0,,0.96,0.04,,681400,,
0,0,,0.994,0.006,,577100,,
0,0,,0.888,0.112,,1004800,,
0,0,,0.996,0.004,,715700,,
0,0,,0.794,0.206,,1015000,,
0,0,,0.984,0.016,,758400,,
0,0,,0.994,0.006,,536900,,
0,0,,0.986,0.014,,765600,,
0,0,,0.94,0.06,,643400,,
0,0,,0.94,0.06,,750000,,
0,0,,0.972,0.028,,715600,,
0,0,,0.958,0.042,,712700,,
0,0,,0.618,0.382,,586200,,
0,0,,0.75,0.25,,739000,,
0,0,,0.974,0.026,,489400,,
0,0,,0.946,0.054,,794200,,
0,0,,0.88,0.12,,628100,,
0,0,,0.928,0.072,,640600,,
0,0,,0.992,0.008,,545000,,
0,0,,0.922,0.078,,679000,,
0,0,,0.836,0.164,,1184700,,
0,0,,0.99,0.01,,792100,,
0,0,,0.95,0.05,,891500,,
0,0,,0.99,0.01,,777700,,
0,0,,0.966,0.034,,595500,,
0,0,,0.896,0.104,,827000,,
0,0,,0.724,0.276,,714500,,
0,0,,0.854,0.146,,672300,,
0,0,,0.99,0.01,,559400,,
0,0,,0.99,0.01,,508100,,
0,0,,0.978,0.022,,694800,,
0,0,,0.692,0.308,,914100,,
0,0,,0.762,0.238,,860000,,
0,0,,0.978,0.022,,630500,,
0,0,,0.968,0.032,,593400,,
0,0,,0.988,0.012,,639200,,
0,0,,0.918,0.082,,652700,,
0,0,,0.864,0.136,,633000,,
0,0,,0.872,0.128,,709200,,
0,0,,0.994,0.006,,582400,,
0,0,,0.894,0.106,,681200,,
0,0,,0.984,0.016,,613500,,
0,0,,0.932,0.068,,596800,,
0,0,,0.99,0.01,,581100,,
0,0,,0.996,0.004,,508900,,
0,0,,0.994,0.006,,535800,,
0,0,,0.932,0.068,,873600,,
0,0,,0.968,0.032,,843700,,
0,0,,0.942,0.058,,932300,,
0,0,,0.996,0.004,,647500,,
0,0,,0.97,0.03,,722200,,
0,0,,0.99,0.01,,528100,,
0,0,,0.998,0.002,,503700,,
0,0,,0.994,0.006,,517700,,
0,0,,1,0,,364200,,
0,0,,0.89,0.11,,666700,,
0,0,,0.996,0.004,,577300,,
0,0,,0.982,0.018,,641500,,
0,0,,0.918,0.082,,724400,,
0,0,,0.978,0.022,,631000,,
0,0,,0.972,0.028,,477400,,
0,0,,0.894,0.106,,711500,,
0,0,,0.696,0.304,,814200,,
0,0,,0.796,0.204,,634500,,
0,0,,0.988,0.012,,798400,,
0,0,,0.954,0.046,,725000,,
0,0,,0.98,0.02,,555300,,
0,0,,0.99,0.01,,674300,,
0,0,,0.54,0.46,,654300,,
0,0,,0.996,0.004,,1039300,,
0,0,,1,0,,658200,,
0,0,,0.95,0.05,,754300,,
0,0,,0.966,0.034,,702500,,
0,0,,0.98,0.02,,569600,,
0,0,,0.96,0.04,,784700,,
0,0,,0.988,0.012,,487200,,
0,0,,1,0,,566300,,
0,0,,0.972,0.028,,607200,,
0,0,,0.968,0.032,,617500,,
0,0,,0.896,0.104,,607100,,
0,0,,0.998,0.002,,421500,,
0,0,,0.882,0.118,,542300,,
0,0,,0.952,0.048,,562700,,
0,0,,0.992,0.008,,437100,,
0,0,,0.994,0.006,,586900,,
0,0,,0.986,0.014,,599300,,
0,0,,0.974,0.026,,507600,,
0,0,,1,0,,474800,,
0,0,,0.992,0.008,,554000,,
0,0,,0.978,0.022,,544100,,
0,0,,0.99,0.01,,433600,,
0,0,,0.8,0.2,,478500,,
0,0,,0.936,0.064,,653400,,
0,0,,0.988,0.012,,467400,,
0,0,,0.71,0.29,,710700,,
0,0,,0.98,0.02,,587800,,
0,0,,0.992,0.008,,498400,,
0,0,,0.982,0.018,,593800,,
0,0,,0.958,0.042,,1054800,,
0,1,,0.332,0.668,,578500,,
0,0,,1,0,,794700,,
0,0,,0.98,0.02,,547700,,
0,0,,0.97,0.03,,575800,,
0,0,,0.756,0.244,,795600,,
0,0,,0.968,0.032,,637500,,
0,0,,0.932,0.068,,777100,,
0,0,,0.986,0.014,,650700,,
0,0,,0.992,0.008,,667600,,
0,0,,0.998,0.002,,426500,,
0,0,,0.954,0.046,,562200,,
0,0,,0.996,0.004,,569600,,
0,0,,0.994,0.006,,568500,,
0,0,,0.988,0.012,,528100,,
0,0,,1,0,,506200,,
0,0,,0.796,0.204,,794300,,
0,0,,0.984,0.016,,461200,,
0,1,,0.428,0.572,,395900,,
0,1,,0.4,0.6,,442200,,
0,0,,0.996,0.004,,430400,,
0,0,,0.81,0.19,,615400,,
0,0,,0.962,0.038,,550400,,
0,0,,1,0,,506600,,
0,0,,0.986,0.014,,469800,,
0,0,,0.996,0.004,,656500,,
0,0,,0.808,0.192,,841000,,
0,0,,0.962,0.038,,1428600,,
0,0,,0.998,0.002,,640200,,
0,0,,0.98,0.02,,676800,,
0,0,,0.992,0.008,,511900,,
0,0,,0.986,0.014,,520200,,
0,0,,0.982,0.018,,560400,,
0,0,,0.972,0.028,,528800,,
0,0,,0.954,0.046,,524800,,
0,0,,1,0,,446200,,
0,0,,0.984,0.016,,621300,,
0,0,,0.992,0.008,,475900,,
0,0,,0.998,0.002,,522300,,
0,0,,0.526,0.474,,634300,,
0,0,,0.988,0.012,,501700,,
0,0,,0.974,0.026,,599400,,
0,0,,0.998,0.002,,588100,,
0,0,,0.974,0.026,,615900,,
0,0,,0.868,0.132,,834300,,
0,0,,0.992,0.008,,568500,,
0,0,,0.964,0.036,,622100,,
0,0,,0.982,0.018,,522100,,
0,0,,0.926,0.074,,648700,,
0,0,,0.982,0.018,,553600,,
0,0,,0.794,0.206,,856400,,
0,0,,0.99,0.01,,931200,,
0,0,,0.992,0.008,,929700,,
0,0,,0.794,0.206,,856200,,
0,0,,0.72,0.28,,1391600,,
0,0,,0.982,0.018,,887700,,
0,0,,0.956,0.044,,843100,,
0,0,,0.694,0.306,,722200,,
0,0,,0.992,0.008,,647400,,
0,0,,0.996,0.004,,676200,,
0,1,,0.266,0.734,,552000,,
0,0,,0.992,0.008,,570300,,
0,0,,0.952,0.048,,664900,,
0,0,,0.58,0.42,,657800,,
0,0,,0.566,0.434,,699800,,
0,0,,0.998,0.002,,547100,,
0,0,,0.996,0.004,,525500,,
0,0,,0.716,0.284,,844000,,
0,0,,0.794,0.206,,793000,,
0,0,,0.998,0.002,,487700,,
0,0,,0.904,0.096,,679600,,
0,0,,0.982,0.018,,644600,,
0,0,,0.744,0.256,,725000,,
0,0,,0.998,0.002,,766800,,
0,0,,0.994,0.006,,1220700,,
0,0,,0.996,0.004,,994400,,
0,0,,0.986,0.014,,777900,,
0,0,,0.966,0.034,,687500,,
0,0,,0.79,0.21,,677500,,
0,0,,0.894,0.106,,734300,,
0,0,,0.996,0.004,,762500,,
0,0,,1,0,,582100,,
0,0,,1,0,,404200,,
0,0,,0.954,0.046,,656100,,
0,0,,0.992,0.008,,510600,,
0,1,,0.454,0.546,,411100,,
0,0,,0.904,0.096,,561500,,
0,0,,0.916,0.084,,416800,,
0,0,,0.92,0.08,,671100,,
0,0,,0.982,0.018,,566800,,
0,0,,0.902,0.098,,546900,,
0,0,,0.998,0.002,,339800,,
0,0,,0.956,0.044,,325500,,
0,0,,0.928,0.072,,294300,,
0,0,,0.95,0.05,,419600,,
0,0,,0.98,0.02,,402400,,
0,0,,0.984,0.016,,307000,,
0,0,,0.98,0.02,,314200,,
0,0,,0.978,0.022,,357700,,
0,0,,0.99,0.01,,352600,,
0,0,,0.826,0.174,,451500,,
0,0,,0.818,0.182,,502700,,
0,0,,0.994,0.006,,410400,,
0,0,,0.97,0.03,,572400,,
0,0,,0.998,0.002,,453000,,
0,0,,0.998,0.002,,569900,,
0,0,,0.97,0.03,,592400,,
0,1,,0.422,0.578,,734300,,
0,0,,0.832,0.168,,582400,,
0,0,,0.608,0.392,,816300,,
0,0,,0.974,0.026,,513100,,
0,0,,1,0,,426400,,
0,0,,0.644,0.356,,557800,,
0,0,,0.95,0.05,,518800,,
0,0,,1,0,,380500,,
0,0,,0.994,0.006,,437400,,
0,0,,0.944,0.056,,387900,,
0,0,,0.994,0.006,,416000,,
0,0,,1,0,,411200,,
0,0,,0.808,0.192,,410600,,
0,0,,0.974,0.026,,457200,,
0,0,,0.98,0.02,,412800,,
0,0,,0.994,0.006,,402300,,
0,0,,0.994,0.006,,320700,,
0,0,,1,0,,334100,,
0,0,,0.662,0.338,,443400,,
0,0,,0.83,0.17,,494100,,
0,0,,0.918,0.082,,378100,,
0,0,,0.984,0.016,,451100,,
0,0,,0.846,0.154,,556300,,
0,0,,0.792,0.208,,576100,,
0,0,,1,0,,469000,,
0,0,,0.866,0.134,,474300,,
0,0,,0.994,0.006,,493100,,
0,0,,0.992,0.008,,420200,,
0,0,,0.8,0.2,,521700,,
0,0,,0.988,0.012,,498000,,
0,0,,0.988,0.012,,545500,,
0,0,,0.652,0.348,,647800,,
0,0,,0.83,0.17,,523600,,
0,0,,0.92,0.08,,512500,,
0,0,,0.802,0.198,,442800,,
0,0,,0.998,0.002,,515900,,
0,0,,0.99,0.01,,394500,,
0,1,,0.488,0.512,,378500,,
0,0,,1,0,,364500,,
0,0,,0.99,0.01,,343200,,
0,0,,0.996,0.004,,320800,,
0,0,,0.982,0.018,,536200,,
0,0,,0.998,0.002,,441000,,
0,0,,0.996,0.004,,314000,,
0,0,,0.978,0.022,,376500,,
0,0,,0.642,0.358,,357600,,
0,0,,0.994,0.006,,307100,,
0,0,,0.98,0.02,,376600,,
0,0,,0.92,0.08,,390600,,
0,0,,0.994,0.006,,275700,,
0,0,,0.97,0.03,,357200,,
0,0,,0.992,0.008,,251200,,
0,0,,0.94,0.06,,264900,,
0,0,,0.972,0.028,,401100,,
0,0,,1,0,,273600,,
0,0,,0.99,0.01,,240300,,
0,0,,0.774,0.226,,223500,,
0,0,,0.91,0.09,,394900,,
0,0,,0.954,0.046,,402500,,
0,0,,0.696,0.304,,503600,,
0,0,,0.99,0.01,,396100,,
0,0,,0.992,0.008,,283700,,
0,0,,0.954,0.046,,325300,,
0,0,,1,0,,311400,,
0,0,,0.994,0.006,,253700,,
0,1,,0.44,0.56,,248200,,
0,0,,0.814,0.186,,408500,,
0,0,,0.99,0.01,,294500,,
0,0,,0.982,0.018,,297200,,
0,0,,1,0,,613900,,
0,0,,0.76,0.24,,710400,,
0,0,,0.982,0.018,,588100,,
0,0,,0.526,0.474,,538900,,
0,0,,0.962,0.038,,623600,,
0,0,,0.994,0.006,,507200,,
0,0,,0.992,0.008,,703200,,
0,0,,0.99,0.01,,662500,,
0,0,,0.98,0.02,,565100,,
0,0,,0.922,0.078,,479300,,
0,0,,0.996,0.004,,362800,,
0,0,,0.996,0.004,,493000,,
0,0,,0.954,0.046,,440400,,
0,0,,1,0,,313900,,
0,0,,0.994,0.006,,393300,,
0,0,,0.996,0.004,,365200,,
0,0,,0.974,0.026,,392800,,
0,0,,0.994,0.006,,310900,,
0,0,,1,0,,380200,,
0,0,,0.928,0.072,,420700,,
0,0,,0.996,0.004,,427800,,
0,0,,0.996,0.004,,383300,,
0,0,,0.988,0.012,,386500,,
0,0,,0.994,0.006,,383900,,
0,0,,0.922,0.078,,401300,,
0,0,,0.652,0.348,,542200,,
0,0,,1,0,,364000,,
0,0,,0.986,0.014,,430800,,
0,0,,0.992,0.008,,453400,,
0,0,,0.998,0.002,,403900,,
0,0,,0.914,0.086,,392300,,
0,0,,0.996,0.004,,333800,,
0,0,,0.704,0.296,,512800,,
0,0,,0.99,0.01,,300900,,
0,0,,0.992,0.008,,424900,,
0,0,,0.86,0.14,,559200,,
0,0,,0.972,0.028,,466800,,
0,0,,0.988,0.012,,471100,,
0,0,,0.98,0.02,,416200,,
0,0,,0.968,0.032,,471900,,
0,0,,0.982,0.018,,365500,,
0,0,,0.642,0.358,,513600,,
0,0,,0.998,0.002,,413900,,
0,0,,0.952,0.048,,625400,,
0,0,,1,0,,605900,,
0,0,,0.992,0.008,,762200,,
0,0,,0.99,0.01,,480900,,
0,0,,0.994,0.006,,476400,,
0,0,,0.998,0.002,,420100,,
0,0,,0.952,0.048,,470400,,
0,0,,0.99,0.01,,375700,,
0,0,,0.994,0.006,,454600,,
0,0,,0.984,0.016,,436700,,
0,0,,0.808,0.192,,557400,,
0,0,,0.956,0.044,,484500,,
0,0,,1,0,,355200,,
0,0,,0.962,0.038,,459600,,
0,0,,0.826,0.174,,439900,,
0,0,,0.75,0.25,,554200,,
0,0,,0.976,0.024,,424900,,
0,0,,0.988,0.012,,430900,,
0,0,,0.998,0.002,,374800,,
0,1,,0.388,0.612,,550600,,
0,0,,1,0,,347400,,
0,0,,0.956,0.044,,472900,,
0,0,,0.988,0.012,,479900,,
0,0,,0.998,0.002,,471600,,
0,0,,0.862,0.138,,550000,,
0,0,,0.994,0.006,,671000,,
0,0,,0.904,0.096,,561400,,
0,0,,0.998,0.002,,409100,,
0,0,,0.974,0.026,,416700,,
0,0,,0.968,0.032,,456100,,
0,0,,0.954,0.046,,380900,,
0,0,,0.826,0.174,,679800,,
0,0,,0.83,0.17,,516800,,
0,0,,0.89,0.11,,556700,,
0,0,,0.89,0.11,,612800,,
0,0,,0.912,0.088,,511700,,
0,0,,0.996,0.004,,728200,,
0,0,,0.996,0.004,,393300,,
0,1,,0.336,0.664,,319200,,
0,0,,0.978,0.022,,456700,,
0,0,,0.964,0.036,,610600,,
0,0,,0.96,0.04,,403000,,
0,0,,0.874,0.126,,468400,,
0,0,,0.998,0.002,,377200,,
0,0,,1,0,,321900,,
0,0,,0.73,0.27,,432200,,
0,0,,0.98,0.02,,401200,,
0,0,,0.978,0.022,,426600,,
0,0,,0.806,0.194,,546400,,
0,0,,0.98,0.02,,375500,,
0,0,,0.984,0.016,,525500,,
0,0,,0.978,0.022,,542800,,
0,0,,0.968,0.032,,515700,,
0,0,,0.85,0.15,,473600,,
0,0,,0.998,0.002,,393700,,
0,0,,0.984,0.016,,401300,,
0,0,,0.902,0.098,,572900,,
0,0,,0.99,0.01,,467400,,
0,0,,0.962,0.038,,522600,,
0,0,,0.994,0.006,,400100,,
0,0,,1,0,,469400,,
0,0,,0.938,0.062,,504900,,
0,0,,0.982,0.018,,472500,,
0,0,,0.684,0.316,,534300,,
0,0,,0.992,0.008,,445400,,
0,1,,0.484,0.516,,479400,,
0,0,,0.988,0.012,,483800,,
0,0,,0.986,0.014,,446600,,
0,0,,0.996,0.004,,394500,,
0,0,,0.988,0.012,,436600,,
0,0,,0.992,0.008,,403900,,
0,0,,0.984,0.016,,460600,,
0,0,,0.896,0.104,,504900,,
0,0,,0.946,0.054,,427800,,
0,0,,0.994,0.006,,544900,,
0,0,,0.998,0.002,,373800,,
0,0,,0.852,0.148,,528300,,
0,0,,0.98,0.02,,442400,,
0,0,,0.938,0.062,,564200,,
0,0,,0.74,0.26,,632700,,
0,1,,0.146,0.854,,316500,,
0,0,,0.94,0.06,,558600,,
0,0,,0.974,0.026,,594900,,
0,0,,0.962,0.038,,482300,,
0,0,,0.994,0.006,,522100,,
0,0,,0.986,0.014,,401900,,
0,0,,0.996,0.004,,364200,,
0,0,,0.898,0.102,,436700,,
0,0,,0.808,0.192,,620600,,
0,0,,0.994,0.006,,526500,,
0,0,,0.688,0.312,,405500,,
0,0,,0.998,0.002,,368300,,
0,0,,0.696,0.304,,424500,,
0,0,,0.998,0.002,,473400,,
0,0,,0.894,0.106,,596800,,
0,0,,0.9,0.1,,547000,,
0,0,,0.832,0.168,,499000,,
0,0,,0.996,0.004,,511000,,
0,0,,0.846,0.154,,624800,,
0,0,,0.968,0.032,,391900,,
0,0,,0.98,0.02,,404700,,
0,0,,0.998,0.002,,373500,,
0,0,,0.998,0.002,,379300,,
0,0,,0.642,0.358,,680000,,
0,0,,0.688,0.312,,606200,,
0,0,,0.964,0.036,,443800,,
0,0,,0.986,0.014,,416200,,
0,0,,1,0,,328100,,
0,0,,0.92,0.08,,500300,,
0,0,,0.734,0.266,,478200,,
0,0,,0.69,0.31,,530200,,
0,0,,0.908,0.092,,418000,,
0,0,,0.998,0.002,,525000,,
0,0,,0.988,0.012,,421500,,
0,0,,0.944,0.056,,468600,,
0,0,,0.852,0.148,,432400,,
0,0,,0.998,0.002,,366000,,
0,0,,0.95,0.05,,563700,,
0,0,,0.996,0.004,,349700,,
0,0,,0.994,0.006,,409900,,
0,0,,0.998,0.002,,325500,,
0,0,,0.946,0.054,,427600,,
0,0,,0.644,0.356,,276400,,
0,0,,0.99,0.01,,348400,,
0,0,,0.986,0.014,,409800,,
0,0,,0.98,0.02,,611100,,
0,0,,0.78,0.22,,421800,,
0,0,,0.95,0.05,,570600,,
0,0,,0.986,0.014,,527000,,
0,0,,0.896,0.104,,464300,,
0,0,,0.7,0.3,,568900,,
0,0,,0.902,0.098,,592500,,
0,0,,0.96,0.04,,492000,,
0,0,,0.942,0.058,,508800,,
0,0,,0.99,0.01,,353300,,
0,0,,0.872,0.128,,401400,,
0,0,,0.92,0.08,,409800,,
0,0,,0.998,0.002,,411000,,
0,0,,0.978,0.022,,397600,,
0,0,,0.988,0.012,,436700,,
0,0,,0.994,0.006,,436300,,
0,0,,0.95,0.05,,384700,,
0,0,,0.984,0.016,,381700,,
0,0,,0.976,0.024,,410200,,
0,0,,0.954,0.046,,536500,,
0,0,,0.58,0.42,,661900,,
0,0,,0.958,0.042,,460300,,
0,0,,0.94,0.06,,524100,,
0,0,,0.87,0.13,,381500,,
0,0,,0.854,0.146,,610400,,
0,0,,0.7,0.3,,512200,,
0,0,,0.966,0.034,,412300,,
0,0,,0.988,0.012,,327800,,
0,0,,0.95,0.05,,447100,,
0,0,,0.992,0.008,,340100,,
0,0,,1,0,,280400,,
0,0,,0.998,0.002,,321200,,
0,0,,0.98,0.02,,429900,,
0,0,,1,0,,382600,,
0,0,,0.996,0.004,,366200,,
0,0,,0.97,0.03,,480100,,
0,0,,1,0,,369700,,
0,0,,0.998,0.002,,387500,,
0,0,,1,0,,365600,,
0,0,,0.782,0.218,,553400,,
0,0,,0.996,0.004,,384800,,
0,0,,0.858,0.142,,623100,,
0,0,,1,0,,366000,,
0,0,,0.978,0.022,,492300,,
0,0,,0.994,0.006,,384500,,
0,0,,0.666,0.334,,504400,,
0,0,,0.996,0.004,,421000,,
0,0,,0.9,0.1,,501700,,
0,0,,0.994,0.006,,423000,,
0,0,,0.986,0.014,,452800,,
0,1,,0.268,0.732,,383200,,
0,0,,0.702,0.298,,425600,,
0,0,,0.988,0.012,,503800,,
0,0,,0.992,0.008,,399600,,
0,1,,0.34,0.66,,430700,,
0,0,,0.998,0.002,,357800,,
0,0,,0.956,0.044,,404800,,
0,0,,0.998,0.002,,423100,,
0,0,,0.99,0.01,,350900,,
0,0,,0.994,0.006,,336500,,
0,0,,0.986,0.014,,315000,,
0,0,,0.676,0.324,,590500,,
0,1,,0.376,0.624,,403000,,
0,0,,0.838,0.162,,586800,,
0,0,,0.98,0.02,,599200,,
0,0,,0.992,0.008,,405300,,
0,0,,0.79,0.21,,644500,,
0,0,,1,0,,367000,,
0,0,,0.982,0.018,,394600,,
0,0,,0.986,0.014,,392200,,
0,0,,0.976,0.024,,450700,,
0,0,,0.998,0.002,,358500,,
0,0,,0.904,0.096,,588200,,
0,0,,0.884,0.116,,520000,,
0,0,,0.83,0.17,,488500,,
0,0,,0.946,0.054,,409200,,
0,0,,0.998,0.002,,319800,,
0,0,,0.968,0.032,,403000,,
0,0,,0.992,0.008,,290200,,
0,0,,0.996,0.004,,281300,,
0,0,,0.85,0.15,,404800,,
0,0,,0.856,0.144,,474600,,
0,0,,0.974,0.026,,389800,,
0,1,,0.472,0.528,,419300,,
0,0,,0.99,0.01,,367800,,
0,0,,0.994,0.006,,267800,,
0,0,,0.976,0.024,,354000,,
0,0,,0.996,0.004,,315000,,
0,0,,0.772,0.228,,336000,,
0,0,,0.548,0.452,,249300,,
0,0,,0.856,0.144,,479700,,
0,0,,0.574,0.426,,440900,,
0,0,,0.932,0.068,,516500,,
0,0,,0.908,0.092,,465900,,
0,0,,0.998,0.002,,354600,,
0,0,,0.656,0.344,,469700,,
0,0,,1,0,,428200,,
0,0,,0.98,0.02,,382100,,
0,0,,0.994,0.006,,353700,,
0,0,,0.996,0.004,,367000,,
0,0,,0.848,0.152,,442600,,
0,0,,0.982,0.018,,404000,,
0,0,,0.998,0.002,,334000,,
0,0,,0.878,0.122,,460300,,
0,0,,0.996,0.004,,307900,,
0,0,,0.988,0.012,,289200,,
0,0,,0.974,0.026,,384500,,
0,0,,1,0,,287400,,
0,0,,0.994,0.006,,342100,,
0,0,,0.974,0.026,,365600,,
0,0,,0.986,0.014,,358400,,
0,0,,0.98,0.02,,431600,,
0,0,,0.956,0.044,,415300,,
0,0,,0.988,0.012,,339400,,
0,0,,0.588,0.412,,328000,,
0,1,,0.216,0.784,,236500,,
0,0,,0.878,0.122,,436500,,
0,0,,0.954,0.046,,490500,,
0,0,,0.67,0.33,,583600,,
0,0,,0.818,0.182,,470500,,
0,0,,0.984,0.016,,463600,,
0,0,,0.906,0.094,,604600,,
0,0,,0.952,0.048,,551900,,
0,0,,1,0,,450400,,
0,0,,0.944,0.056,,442500,,
0,0,,0.942,0.058,,511800,,
0,0,,0.664,0.336,,446900,,
0,0,,0.99,0.01,,429200,,
0,0,,0.998,0.002,,370000,,
0,0,,0.918,0.082,,364200,,
0,0,,0.99,0.01,,443200,,
0,0,,0.846,0.154,,551500,,
0,0,,0.988,0.012,,459300,,
0,0,,0.952,0.048,,480200,,
0,0,,0.984,0.016,,387100,,
0,0,,0.994,0.006,,396400,,
0,0,,0.972,0.028,,520400,,
0,0,,0.988,0.012,,438600,,
0,0,,1,0,,438500,,
0,0,,0.878,0.122,,521100,,
0,0,,0.986,0.014,,373000,,
0,0,,0.534,0.466,,493600,,
0,0,,0.954,0.046,,537100,,
0,0,,0.582,0.418,,310600,,
0,0,,0.984,0.016,,386000,,
0,0,,0.992,0.008,,399700,,
0,0,,0.962,0.038,,714800,,
0,0,,0.998,0.002,,377200,,
0,0,,0.538,0.462,,468600,,
0,0,,0.856,0.144,,491800,,
0,0,,0.99,0.01,,548100,,
0,0,,0.972,0.028,,483400,,
0,0,,0.978,0.022,,504000,,
0,0,,0.992,0.008,,422000,,
0,0,,0.992,0.008,,447100,,
0,0,,0.996,0.004,,383200,,
0,0,,0.916,0.084,,634900,,
0,0,,0.994,0.006,,422000,,
0,0,,0.99,0.01,,417300,,
0,0,,0.986,0.014,,487000,,
0,0,,0.992,0.008,,391900,,
0,0,,0.946,0.054,,501000,,
0,0,,0.992,0.008,,358900,,
0,0,,0.96,0.04,,487300,,
0,0,,0.918,0.082,,437300,,
0,0,,0.988,0.012,,408200,,
0,0,,0.992,0.008,,446200,,
0,0,,0.95,0.05,,384100,,
0,0,,0.994,0.006,,405300,,
0,0,,0.996,0.004,,361300,,
0,0,,0.914,0.086,,383300,,
0,0,,0.98,0.02,,333400,,
0,0,,0.846,0.154,,402500,,
0,0,,0.998,0.002,,409000,,
0,0,,0.992,0.008,,343100,,
0,0,,0.792,0.208,,370700,,
0,0,,0.802,0.198,,463000,,
0,0,,0.998,0.002,,366900,,
0,0,,0.998,0.002,,289700,,
0,0,,0.984,0.016,,391900,,
0,0,,0.98,0.02,,344400,,
0,0,,0.986,0.014,,323100,,
0,0,,0.996,0.004,,368200,,
0,0,,0.952,0.048,,394100,,
0,0,,0.95,0.05,,602400,,
0,0,,0.61,0.39,,475300,,
0,0,,0.992,0.008,,442600,,
0,0,,1,0,,482800,,
0,0,,1,0,,354800,,
0,0,,0.988,0.012,,353400,,
0,0,,0.938,0.062,,602000,,
0,0,,0.998,0.002,,424300,,
0,0,,0.72,0.28,,476600,,
0,0,,0.854,0.146,,534300,,
0,0,,0.878,0.122,,518000,,
0,0,,0.894,0.106,,473100,,
0,0,,0.82,0.18,,525600,,
0,0,,0.794,0.206,,656100,,
0,0,,0.996,0.004,,447800,,
0,0,,0.9,0.1,,526000,,
0,0,,0.97,0.03,,490700,,
0,0,,1,0,,346100,,
0,0,,0.986,0.014,,303000,,
0,0,,0.998,0.002,,305500,,
0,0,,0.716,0.284,,423400,,
0,0,,1,0,,336300,,
0,0,,0.942,0.058,,378100,,
0,0,,0.99,0.01,,339800,,
0,0,,0.826,0.174,,663700,,
0,0,,0.996,0.004,,406900,,
0,0,,0.994,0.006,,418800,,
0,0,,0.932,0.068,,289100,,
0,0,,0.982,0.018,,317100,,
0,0,,1,0,,312600,,
0,0,,0.974,0.026,,369200,,
0,0,,0.956,0.044,,542100,,
0,0,,0.834,0.166,,562400,,
0,0,,0.914,0.086,,534800,,
0,0,,0.606,0.394,,321500,,
0,0,,0.992,0.008,,584800,,
0,0,,0.986,0.014,,465900,,
0,0,,0.988,0.012,,534700,,
0,0,,1,0,,329300,,
0,0,,0.552,0.448,,445900,,
0,0,,0.836,0.164,,372800,,
0,0,,0.986,0.014,,394200,,
0,0,,0.986,0.014,,474300,,
0,0,,1,0,,367600,,
0,0,,1,0,,344200,,
0,0,,0.952,0.048,,608500,,
0,0,,0.996,0.004,,403800,,
0,0,,0.99,0.01,,334100,,
0,0,,0.99,0.01,,418600,,
0,0,,0.934,0.066,,399100,,
0,0,,0.994,0.006,,479400,,
0,0,,0.986,0.014,,430700,,
0,0,,0.994,0.006,,317100,,
0,0,,0.558,0.442,,408700,,
0,0,,0.74,0.26,,550200,,
0,0,,0.908,0.092,,459900,,
0,0,,0.96,0.04,,408700,,
0,0,,0.992,0.008,,356600,,
0,0,,0.994,0.006,,260700,,
0,0,,0.99,0.01,,345900,,
0,0,,0.976,0.024,,453800,,
0,0,,0.998,0.002,,369900,,
0,0,,0.998,0.002,,405100,,
0,0,,0.984,0.016,,448800,,
0,0,,0.982,0.018,,430300,,
0,0,,0.964,0.036,,483300,,
0,0,,0.582,0.418,,516800,,
0,0,,0.99,0.01,,403600,,
0,0,,0.95,0.05,,384600,,
0,0,,0.998,0.002,,415800,,
0,0,,1,0,,404000,,
0,0,,0.566,0.434,,323800,,
0,0,,0.998,0.002,,312700,,
0,0,,0.994,0.006,,344900,,
0,0,,0.996,0.004,,531200,,
0,0,,0.902,0.098,,584000,,
0,0,,0.768,0.232,,434500,,
0,0,,1,0,,468800,,
0,0,,0.578,0.422,,438800,,
0,0,,0.97,0.03,,406800,,
0,0,,0.99,0.01,,530000,,
0,0,,0.966,0.034,,396300,,
0,1,,0.41,0.59,,456900,,
0,0,,0.63,0.37,,674300,,
0,0,,0.978,0.022,,490900,,
0,1,,0.428,0.572,,431900,,
0,0,,0.998,0.002,,429100,,
0,0,,0.896,0.104,,512900,,
0,0,,0.96,0.04,,649700,,
0,0,,0.996,0.004,,440400,,
0,0,,0.948,0.052,,458400,,
0,0,,0.922,0.078,,649900,,
0,0,,0.896,0.104,,760100,,
0,0,,0.836,0.164,,635000,,
0,0,,1,0,,507600,,
0,0,,0.928,0.072,,433200,,
0,0,,1,0,,484100,,
0,0,,0.978,0.022,,542800,,
0,1,,0.218,0.782,,335100,,
0,0,,0.994,0.006,,497300,,
0,0,,0.754,0.246,,478000,,
0,0,,0.962,0.038,,598800,,
0,0,,0.986,0.014,,520000,,
0,0,,0.8,0.2,,518900,,
0,0,,0.982,0.018,,503200,,
0,1,,0.464,0.536,,521800,,
0,0,,0.994,0.006,,495600,,
0,0,,0.976,0.024,,593700,,
0,0,,0.99,0.01,,523700,,
0,0,,0.852,0.148,,576200,,
0,0,,0.952,0.048,,538800,,
0,0,,0.998,0.002,,455800,,
0,0,,0.992,0.008,,550100,,
0,0,,1,0,,487600,,
0,0,,0.906,0.094,,565200,,
0,0,,0.804,0.196,,566900,,
0,1,,0.43,0.57,,579200,,
0,0,,0.896,0.104,,516600,,
0,0,,0.982,0.018,,525200,,
0,0,,0.564,0.436,,358200,,
0,0,,0.99,0.01,,426100,,
0,0,,0.976,0.024,,435700,,
0,0,,0.924,0.076,,608200,,
0,0,,0.652,0.348,,502100,,
0,0,,0.978,0.022,,455800,,
0,0,,0.944,0.056,,594700,,
0,0,,0.98,0.02,,477900,,
0,0,,1,0,,381800,,
0,0,,0.964,0.036,,439200,,
0,1,,0.354,0.646,,344600,,
0,0,,0.712,0.288,,659000,,
0,0,,0.996,0.004,,419000,,
0,0,,0.866,0.134,,464000,,
0,0,,0.996,0.004,,714900,,
0,0,,0.998,0.002,,420400,,
0,0,,0.988,0.012,,320700,,
0,0,,0.866,0.134,,505900,,
0,0,,0.99,0.01,,461500,,
0,0,,0.994,0.006,,411000,,
0,0,,0.73,0.27,,319200,,
0,0,,0.964,0.036,,419400,,
0,0,,0.986,0.014,,389500,,
0,0,,0.996,0.004,,407300,,
0,0,,0.804,0.196,,568400,,
0,0,,0.912,0.088,,584500,,
0,0,,0.996,0.004,,396000,,
0,0,,0.692,0.308,,550800,,
0,0,,1,0,,363500,,
0,0,,0.908,0.092,,626300,,
0,0,,0.952,0.048,,465600,,
0,0,,0.992,0.008,,397300,,
0,0,,0.82,0.18,,533000,,
0,0,,1,0,,497600,,
0,0,,0.984,0.016,,511200,,
0,0,,0.87,0.13,,471900,,
0,0,,0.976,0.024,,415300,,
0,0,,0.998,0.002,,463500,,
0,0,,0.996,0.004,,438100,,
0,0,,0.982,0.018,,389100,,
0,0,,0.996,0.004,,464800,,
0,0,,1,0,,467200,,
0,0,,0.994,0.006,,453700,,
0,0,,0.986,0.014,,414900,,
0,0,,0.952,0.048,,410400,,
0,0,,0.968,0.032,,542300,,
0,0,,1,0,,420100,,
0,0,,0.99,0.01,,466000,,
0,0,,0.982,0.018,,437900,,
0,0,,0.998,0.002,,476300,,
0,0,,0.988,0.012,,480000,,
0,0,,0.686,0.314,,528400,,
0,0,,0.996,0.004,,438300,,
0,0,,0.996,0.004,,373900,,
0,0,,0.994,0.006,,332200,,
0,0,,0.992,0.008,,346400,,
0,0,,0.884,0.116,,556000,,
0,0,,0.972,0.028,,483400,,
0,0,,0.866,0.134,,468100,,
0,0,,0.918,0.082,,384400,,
0,0,,0.916,0.084,,455800,,
0,0,,0.998,0.002,,380400,,
0,0,,0.922,0.078,,553500,,
0,0,,0.996,0.004,,546900,,
0,0,,0.982,0.018,,455000,,
0,0,,0.888,0.112,,521100,,
0,0,,0.692,0.308,,489200,,
0,0,,0.986,0.014,,462300,,
0,0,,0.99,0.01,,465300,,
0,0,,0.874,0.126,,622600,,
0,0,,0.996,0.004,,489100,,
0,0,,0.946,0.054,,417700,,
0,0,,0.886,0.114,,516500,,
0,0,,0.944,0.056,,363900,,
0,0,,0.948,0.052,,588700,,
0,0,,0.896,0.104,,373000,,
0,0,,0.99,0.01,,419700,,
0,0,,0.998,0.002,,303900,,
0,0,,0.912,0.088,,348900,,
0,0,,0.952,0.048,,435000,,
0,0,,0.998,0.002,,415800,,
0,0,,0.96,0.04,,397900,,
0,0,,0.852,0.148,,360500,,
0,0,,0.826,0.174,,633100,,
0,0,,0.954,0.046,,464100,,
0,0,,0.976,0.024,,531600,,
0,0,,0.978,0.022,,413800,,
0,0,,0.944,0.056,,566700,,
0,0,,0.994,0.006,,400200,,
0,0,,0.944,0.056,,397100,,
0,0,,0.98,0.02,,651200,,
0,0,,0.992,0.008,,392600,,
0,0,,0.994,0.006,,475500,,
0,0,,0.988,0.012,,387700,,
0,0,,0.872,0.128,,433400,,
0,0,,0.996,0.004,,350800,,
0,0,,0.998,0.002,,329500,,
0,0,,0.898,0.102,,341700,,
0,0,,0.9,0.1,,365700,,
0,0,,0.982,0.018,,399000,,
0,0,,0.978,0.022,,405400,,
0,0,,0.988,0.012,,502900,,
0,0,,0.956,0.044,,576700,,
0,0,,0.972,0.028,,406800,,
0,0,,0.99,0.01,,514200,,
0,0,,0.996,0.004,,346300,,
0,0,,1,0,,288500,,
0,0,,0.958,0.042,,328200,,
0,0,,0.996,0.004,,290900,,
0,0,,0.81,0.19,,489900,,
0,0,,0.972,0.028,,338800,,
0,0,,0.982,0.018,,351100,,
0,0,,0.958,0.042,,432000,,
0,0,,0.972,0.028,,458100,,
0,0,,0.992,0.008,,446700,,
0,0,,0.994,0.006,,379100,,
0,0,,0.986,0.014,,530700,,
0,0,,0.524,0.476,,538400,,
0,0,,0.708,0.292,,616800,,
0,0,,0.986,0.014,,446500,,
0,0,,0.802,0.198,,517100,,
0,0,,0.998,0.002,,522800,,
0,0,,0.998,0.002,,526300,,
0,0,,0.97,0.03,,441800,,
0,0,,0.852,0.148,,605600,,
0,0,,0.998,0.002,,461100,,
0,0,,0.986,0.014,,434400,,
0,1,,0.424,0.576,,426100,,
0,0,,0.996,0.004,,500900,,
0,0,,1,0,,411400,,
0,0,,0.926,0.074,,547800,,
0,0,,1,0,,400800,,
0,0,,0.976,0.024,,488800,,
0,0,,0.958,0.042,,536900,,
0,0,,0.988,0.012,,509800,,
0,0,,0.978,0.022,,433500,,
0,0,,0.998,0.002,,505300,,
0,0,,0.794,0.206,,509300,,
0,0,,0.816,0.184,,493900,,
0,0,,0.934,0.066,,563900,,
0,0,,0.806,0.194,,490400,,
0,0,,0.974,0.026,,565800,,
0,0,,0.982,0.018,,611000,,
0,0,,0.968,0.032,,529500,,
0,0,,0.998,0.002,,436200,,
0,0,,0.99,0.01,,397000,,
0,0,,0.928,0.072,,559200,,
0,0,,0.972,0.028,,477200,,
0,0,,0.988,0.012,,575200,,
0,0,,0.956,0.044,,572600,,
0,0,,0.948,0.052,,476100,,
0,0,,0.998,0.002,,358800,,
0,0,,0.874,0.126,,557600,,
0,0,,0.918,0.082,,437500,,
0,0,,0.974,0.026,,561800,,
0,0,,0.98,0.02,,564300,,
0,0,,1,0,,499700,,
0,0,,0.998,0.002,,410600,,
0,0,,0.77,0.23,,501200,,
0,0,,0.752,0.248,,593200,,
0,0,,0.912,0.088,,506400,,
0,0,,0.976,0.024,,469900,,
0,0,,0.876,0.124,,362500,,
0,0,,0.994,0.006,,358900,,
0,0,,0.996,0.004,,303200,,
0,0,,0.92,0.08,,441200,,
0,0,,0.988,0.012,,296000,,
0,0,,0.998,0.002,,375800,,
0,0,,0.72,0.28,,634300,,
0,0,,0.994,0.006,,460500,,
0,0,,0.98,0.02,,416400,,
0,0,,0.986,0.014,,458000,,
0,0,,0.986,0.014,,432700,,
0,0,,0.914,0.086,,508000,,
0,0,,0.722,0.278,,573900,,
0,0,,0.956,0.044,,556200,,
0,0,,1,0,,495500,,
0,0,,0.838,0.162,,522600,,
0,0,,0.742,0.258,,587700,,
0,0,,0.868,0.132,,558800,,
0,0,,0.998,0.002,,458800,,
0,1,,0.348,0.652,,417500,,
0,0,,0.872,0.128,,539100,,
0,1,,0.442,0.558,,454500,,
0,0,,0.99,0.01,,416200,,
0,0,,0.99,0.01,,480700,,
0,0,,1,0,,729200,,
0,0,,0.96,0.04,,647900,,
0,0,,0.988,0.012,,456300,,
0,0,,0.998,0.002,,483500,,
0,0,,0.994,0.006,,370700,,
0,0,,0.824,0.176,,638000,,
0,0,,0.964,0.036,,492700,,
0,0,,0.996,0.004,,447900,,
0,0,,0.986,0.014,,483300,,
0,0,,0.968,0.032,,393300,,
0,0,,0.654,0.346,,559300,,
0,0,,0.89,0.11,,426500,,
0,0,,0.97,0.03,,316200,,
0,0,,0.998,0.002,,299500,,
0,0,,0.846,0.154,,579300,,
0,0,,0.87,0.13,,508000,,
0,0,,1,0,,333500,,
0,0,,0.746,0.254,,414700,,
0,0,,0.994,0.006,,328200,,
0,0,,0.984,0.016,,331200,,
0,0,,0.776,0.224,,409400,,
0,0,,1,0,,362200,,
0,0,,0.986,0.014,,320500,,
0,0,,0.928,0.072,,433400,,
0,0,,0.974,0.026,,372600,,
0,0,,0.884,0.116,,388800,,
0,0,,0.942,0.058,,437900,,
0,0,,0.816,0.184,,435400,,
0,0,,0.986,0.014,,363900,,
0,0,,0.924,0.076,,369900,,
0,0,,0.996,0.004,,407900,,
0,0,,0.544,0.456,,455500,,
0,0,,0.996,0.004,,388900,,
0,0,,0.888,0.112,,284700,,
0,0,,0.922,0.078,,246900,,
0,0,,0.942,0.058,,321300,,
0,0,,0.998,0.002,,299800,,
0,0,,1,0,,235200,,
0,0,,0.996,0.004,,356300,,
0,0,,0.996,0.004,,307800,,
0,0,,1,0,,310800,,
0,0,,0.948,0.052,,303300,,
0,0,,0.992,0.008,,386600,,
0,0,,0.968,0.032,,353500,,
0,0,,0.65,0.35,,453500,,
0,0,,0.994,0.006,,371600,,
0,0,,0.966,0.034,,443000,,
0,0,,1,0,,394300,,
0,0,,0.782,0.218,,421200,,
0,0,,0.98,0.02,,471200,,
0,0,,0.99,0.01,,373900,,
0,0,,0.846,0.154,,513500,,
0,0,,0.872,0.128,,470600,,
0,0,,0.908,0.092,,509200,,
0,0,,0.916,0.084,,402700,,
0,0,,0.718,0.282,,492300,,
0,0,,0.862,0.138,,485500,,
0,0,,0.674,0.326,,456900,,
0,0,,0.986,0.014,,486800,,
0,0,,0.854,0.146,,426900,,
0,0,,0.872,0.128,,403200,,
0,0,,0.976,0.024,,530100,,
0,0,,0.83,0.17,,508100,,
0,0,,1,0,,507400,,
0,0,,0.986,0.014,,392100,,
0,0,,0.736,0.264,,491800,,
0,0,,0.794,0.206,,379100,,
0,0,,1,0,,357400,,
0,0,,0.99,0.01,,352600,,
0,0,,0.994,0.006,,456300,,
0,0,,0.932,0.068,,420200,,
0,0,,0.828,0.172,,631100,,
0,0,,0.864,0.136,,565100,,
0,0,,0.998,0.002,,413500,,
0,0,,0.97,0.03,,537200,,
0,0,,0.87,0.13,,577700,,
0,0,,0.936,0.064,,559000,,
0,0,,0.996,0.004,,476600,,
0,0,,1,0,,393800,,
0,0,,0.804,0.196,,480100,,
0,0,,1,0,,390700,,
0,0,,0.928,0.072,,550000,,
0,0,,0.994,0.006,,412400,,
0,0,,0.994,0.006,,522000,,
0,0,,0.962,0.038,,519500,,
0,0,,0.988,0.012,,340500,,
0,0,,1,0,,290000,,
0,0,,0.904,0.096,,632000,,
0,0,,0.968,0.032,,402300,,
0,0,,0.946,0.054,,511400,,
0,0,,0.94,0.06,,362700,,
0,0,,0.996,0.004,,309200,,
0,0,,0.992,0.008,,363700,,
0,0,,1,0,,348700,,
0,1,,0.294,0.706,,328700,,
0,0,,0.98,0.02,,306400,,
0,0,,0.948,0.052,,325600,,
0,0,,0.904,0.096,,299700,,
0,0,,0.926,0.074,,358400,,
0,0,,0.518,0.482,,402100,,
0,0,,0.926,0.074,,391100,,
0,0,,1,0,,340700,,
0,0,,0.996,0.004,,292900,,
0,0,,0.978,0.022,,290000,,
0,0,,1,0,,252900,,
0,0,,0.9,0.1,,391400,,
0,0,,0.802,0.198,,365100,,
0,0,,0.908,0.092,,240700,,
0,0,,0.598,0.402,,229600,,
0,0,,0.534,0.466,,350100,,
0,0,,0.976,0.024,,311100,,
0,0,,0.89,0.11,,467900,,
0,0,,0.972,0.028,,311400,,
0,0,,0.966,0.034,,327400,,
0,0,,0.996,0.004,,274800,,
0,0,,0.952,0.048,,452500,,
0,0,,1,0,,392700,,
0,0,,0.992,0.008,,362300,,
0,0,,0.99,0.01,,390200,,
0,0,,0.99,0.01,,392200,,
0,0,,0.996,0.004,,449200,,
0,0,,0.834,0.166,,276100,,
0,0,,0.958,0.042,,383000,,
0,0,,0.97,0.03,,508300,,
0,0,,1,0,,346400,,
0,0,,0.91,0.09,,443500,,
0,0,,0.992,0.008,,375700,,
0,0,,0.898,0.102,,355300,,
0,0,,0.986,0.014,,326400,,
0,0,,0.992,0.008,,420900,,
0,0,,0.922,0.078,,393500,,
0,0,,0.98,0.02,,852500,,
0,0,,0.908,0.092,,549000,,
0,0,,0.98,0.02,,428500,,
0,0,,0.99,0.01,,384300,,
0,0,,0.998,0.002,,399600,,
0,0,,0.522,0.478,,413600,,
0,0,,0.968,0.032,,551700,,
0,0,,1,0,,394900,,
0,0,,0.984,0.016,,404000,,
0,0,,0.986,0.014,,338100,,
0,0,,0.994,0.006,,330600,,
0,0,,0.776,0.224,,414900,,
0,0,,0.986,0.014,,320400,,
0,0,,0.974,0.026,,346400,,
0,0,,0.974,0.026,,316300,,
0,0,,0.946,0.054,,442200,,
0,0,,0.778,0.222,,384300,,
0,0,,0.96,0.04,,306200,,
0,0,,0.98,0.02,,368900,,
0,0,,0.996,0.004,,300600,,
0,0,,0.984,0.016,,314100,,
0,0,,0.996,0.004,,330300,,
0,0,,0.898,0.102,,646000,,
0,0,,0.998,0.002,,386800,,
0,0,,0.86,0.14,,525500,,
0,0,,0.914,0.086,,509400,,
0,0,,0.968,0.032,,612100,,
0,0,,1,0,,426100,,
0,0,,0.992,0.008,,494600,,
0,0,,0.978,0.022,,583600,,
0,0,,0.998,0.002,,429400,,
0,0,,0.998,0.002,,376200,,
0,0,,0.912,0.088,,524200,,
0,0,,0.664,0.336,,282400,,
0,0,,0.986,0.014,,441300,,
0,0,,0.992,0.008,,286800,,
0,1,,0.482,0.518,,417800,,
0,0,,0.876,0.124,,563200,,
0,0,,0.978,0.022,,435600,,
0,0,,0.996,0.004,,431500,,
0,0,,0.974,0.026,,356800,,
0,0,,0.998,0.002,,554300,,
0,0,,0.856,0.144,,456600,,
0,0,,0.994,0.006,,336700,,
0,0,,0.93,0.07,,377700,,
0,0,,0.602,0.398,,479900,,
0,0,,0.972,0.028,,387900,,
0,0,,1,0,,315500,,
0,0,,0.992,0.008,,245100,,
0,0,,0.996,0.004,,385400,,
0,0,,0.836,0.164,,421000,,
0,0,,0.994,0.006,,276300,,
0,0,,0.98,0.02,,275100,,
0,0,,0.996,0.004,,336300,,
0,0,,0.992,0.008,,425000,,
0,0,,0.956,0.044,,354400,,
0,0,,0.97,0.03,,340800,,
0,0,,0.99,0.01,,287200,,
0,0,,0.98,0.02,,310000,,
0,0,,0.978,0.022,,411900,,
0,0,,0.764,0.236,,297800,,
0,0,,0.92,0.08,,440900,,
0,0,,0.97,0.03,,466500,,
0,0,,0.91,0.09,,520500,,
0,0,,1,0,,358500,,
0,0,,0.99,0.01,,479200,,
0,0,,0.998,0.002,,387200,,
0,0,,0.942,0.058,,388100,,
0,0,,0.962,0.038,,363100,,
0,0,,0.97,0.03,,389500,,
0,0,,0.67,0.33,,389200,,
0,0,,0.992,0.008,,414500,,
0,0,,0.954,0.046,,504100,,
0,0,,0.924,0.076,,400700,,
0,0,,0.998,0.002,,378500,,
0,0,,0.966,0.034,,489100,,
0,0,,0.956,0.044,,464700,,
0,0,,0.964,0.036,,477200,,
0,0,,0.978,0.022,,390200,,
0,0,,0.792,0.208,,732000,,
0,0,,0.964,0.036,,503500,,
0,0,,0.984,0.016,,437700,,
0,0,,0.988,0.012,,425000,,
0,0,,0.994,0.006,,388000,,
0,0,,0.968,0.032,,465300,,
0,0,,1,0,,443400,,
0,0,,0.976,0.024,,373200,,
0,0,,0.988,0.012,,393200,,
0,0,,0.99,0.01,,514400,,
0,0,,0.994,0.006,,418300,,
0,0,,0.974,0.026,,547000,,
0,0,,0.99,0.01,,403800,,
0,0,,1,0,,365300,,
0,0,,0.992,0.008,,452100,,
0,0,,0.796,0.204,,354000,,
0,0,,0.86,0.14,,386200,,
0,0,,0.758,0.242,,395900,,
0,0,,1,0,,387800,,
0,0,,0.996,0.004,,367200,,
0,0,,0.954,0.046,,376000,,
0,0,,0.976,0.024,,400900,,
0,0,,0.992,0.008,,370500,,
0,0,,0.926,0.074,,373800,,
0,0,,0.976,0.024,,395900,,
0,0,,0.988,0.012,,359200,,
0,0,,0.976,0.024,,474400,,
0,0,,0.994,0.006,,414600,,
0,1,,0.444,0.556,,325700,,
0,0,,0.996,0.004,,356000,,
0,0,,0.988,0.012,,462000,,
0,0,,0.898,0.102,,496000,,
0,0,,0.884,0.116,,613700,,
0,0,,0.992,0.008,,558200,,
0,0,,0.996,0.004,,526800,,
0,0,,0.948,0.052,,525200,,
0,0,,0.992,0.008,,498600,,
0,0,,0.928,0.072,,546200,,
0,0,,0.97,0.03,,470600,,
0,0,,0.966,0.034,,420000,,
0,0,,0.976,0.024,,497600,,
0,0,,0.996,0.004,,434800,,
0,0,,0.958,0.042,,413000,,
0,0,,0.746,0.254,,676500,,
0,0,,0.986,0.014,,504900,,
0,0,,0.968,0.032,,571000,,
0,0,,0.988,0.012,,560800,,
0,0,,0.998,0.002,,482500,,
0,0,,0.992,0.008,,569300,,
0,0,,0.96,0.04,,584100,,
0,0,,0.988,0.012,,401200,,
0,0,,0.882,0.118,,538200,,
0,0,,0.856,0.144,,779800,,
0,0,,1,0,,567200,,
0,0,,1,0,,481400,,
0,0,,1,0,,463300,,
0,0,,0.986,0.014,,380500,,
0,0,,0.87,0.13,,574200,,
0,0,,0.812,0.188,,660900,,
0,0,,0.986,0.014,,537700,,
0,0,,0.63,0.37,,452000,,
0,0,,1,0,,409500,,
0,0,,0.956,0.044,,440300,,
0,0,,0.998,0.002,,427700,,
0,0,,0.928,0.072,,581200,,
0,0,,0.604,0.396,,714200,,
0,1,,0.448,0.552,,656700,,
0,0,,0.86,0.14,,512100,,
0,0,,0.998,0.002,,430600,,
0,0,,0.928,0.072,,495700,,
0,0,,0.998,0.002,,387200,,
0,0,,0.992,0.008,,400200,,
0,0,,1,0,,476900,,
0,0,,0.822,0.178,,426000,,
0,0,,0.976,0.024,,414100,,
0,0,,0.998,0.002,,361400,,
0,0,,1,0,,411300,,
0,0,,0.992,0.008,,422800,,
0,0,,0.986,0.014,,324300,,
0,0,,0.888,0.112,,512400,,
1,0,,0.696,0.304,,484500,,
1,0,,0.628,0.372,,446500,,
1,0,,0.848,0.152,,525400,,
1,0,,0.726,0.274,,506000,,
1,0,,0.5,0.5,,359500,,
1,0,,0.5,0.5,,601600,,
1,0,,0.694,0.306,,513300,,
1,0,,0.634,0.366,,424300,,
1,1,,0.4,0.6,,444800,,
1,0,,0.75,0.25,,616500,,
1,0,,0.798,0.202,,461500,,
1,0,,0.758,0.242,,454000,,
1,0,,0.634,0.366,,485900,,
1,0,,0.518,0.482,,442800,,
1,0,,0.754,0.246,,439100,,
1,0,,0.734,0.266,,515800,,
1,0,,0.806,0.194,,481400,,
1,0,,0.974,0.026,,586800,,
1,1,,0.456,0.544,,281100,,
1,1,,0.24,0.76,,319300,,
1,0,,0.76,0.24,,613000,,
1,0,,0.96,0.04,,466800,,
1,0,,0.812,0.188,,635600,,
1,0,,0.544,0.456,,415800,,
1,1,,0.406,0.594,,645000,,
1,0,,0.744,0.256,,452100,,
1,0,,0.7,0.3,,452200,,
1,0,,0.896,0.104,,603200,,
1,0,,0.59,0.41,,449200,,
1,1,,0.38,0.62,,509700,,
1,0,,0.66,0.34,,675500,,
1,1,,0.322,0.678,,317600,,
1,1,,0.476,0.524,,375100,,
1,0,,0.924,0.076,,523100,,
1,0,,0.662,0.338,,546500,,
1,1,,0.47,0.53,,343600,,
1,1,,0.384,0.616,,350300,,
1,1,,0.42,0.58,,292200,,
1,0,,0.726,0.274,,366700,,
1,1,,0.448,0.552,,234200,,
1,1,,0.306,0.694,,234900,,
1,0,,0.708,0.292,,376500,,
1,0,,0.624,0.376,,506700,,
1,0,,0.876,0.124,,424900,,
1,0,,0.802,0.198,,456900,,
1,0,,0.654,0.346,,424400,,
1,0,,0.644,0.356,,532400,,
1,0,,0.8,0.2,,433800,,
1,0,,0.848,0.152,,531100,,
1,0,,0.952,0.048,,502200,,
1,0,,0.706,0.294,,424000,,
1,0,,0.506,0.494,,313900,,
1,0,,0.914,0.086,,451600,,
1,0,,0.56,0.44,,406900,,
1,1,,0.38,0.62,,394900,,
1,1,,0.198,0.802,,273400,,
1,0,,0.83,0.17,,471400,,
1,0,,0.536,0.464,,318200,,
1,1,,0.218,0.782,,267100,,
1,1,,0.414,0.586,,471500,,
1,0,,0.948,0.052,,623000,,
1,0,,0.56,0.44,,546000,,
1,1,,0.464,0.536,,565900,,
1,0,,0.828,0.172,,549500,,
1,0,,0.972,0.028,,850400,,
1,0,,0.5,0.5,,466100,,
1,1,,0.25,0.75,,216100,,
1,0,,0.606,0.394,,369900,,
1,0,,0.704,0.296,,581100,,
1,1,,0.464,0.536,,405200,,
1,0,,0.69,0.31,,635700,,
1,1,,0.294,0.706,,283900,,
1,0,,0.68,0.32,,546200,,
1,0,,0.914,0.086,,514200,,
1,1,,0.472,0.528,,439200,,
1,1,,0.408,0.592,,318800,,
1,0,,0.736,0.264,,526200,,
1,0,,0.696,0.304,,383000,,
1,1,,0.428,0.572,,350000,,
1,0,,0.88,0.12,,495900,,
1,0,,0.726,0.274,,489600,,
1,0,,0.662,0.338,,529100,,
1,1,,0.388,0.612,,231700,,
1,1,,0.448,0.552,,346100,,
1,0,,0.54,0.46,,313700,,
1,0,,0.948,0.052,,436400,,
1,1,,0.274,0.726,,224600,,
1,1,,0.404,0.596,,417600,,
1,0,,0.718,0.282,,383300,,
1,0,,0.678,0.322,,329300,,
1,0,,0.566,0.434,,283500,,
1,0,,0.882,0.118,,355100,,
1,1,,0.414,0.586,,335900,,
1,0,,0.658,0.342,,446900,,
1,0,,0.598,0.402,,675300,,
1,1,,0.334,0.666,,253800,,
1,0,,0.858,0.142,,507200,,
1,0,,0.724,0.276,,492400,,
1,0,,0.578,0.422,,432100,,
1,1,,0.422,0.578,,406200,,
1,0,,0.912,0.088,,601000,,
1,0,,0.542,0.458,,507300,,
1,0,,0.952,0.048,,505400,,
1,0,,0.786,0.214,,516400,,
1,0,,0.66,0.34,,443900,,
1,0,,0.574,0.426,,316800,,
1,0,,0.676,0.324,,523200,,
1,0,,0.85,0.15,,435800,,
1,1,,0.46,0.54,,419900,,
1,0,,0.552,0.448,,319100,,
1,0,,0.586,0.414,,476700,,
1,0,,0.596,0.404,,385200,,
1,1,,0.41,0.59,,277700,,
1,0,,0.88,0.12,,540800,,
1,0,,0.916,0.084,,452200,,
1,0,,0.688,0.312,,433700,,
1,0,,0.844,0.156,,616500,,
1,0,,0.686,0.314,,657800,,
1,0,,0.84,0.16,,509000,,
1,0,,0.964,0.036,,484800,,
1,0,,0.746,0.254,,424500,,
1,0,,0.644,0.356,,439100,,
1,0,,0.812,0.188,,433400,,
1,1,,0.346,0.654,,340400,,
1,0,,0.54,0.46,,378300,,
1,0,,0.966,0.034,,429600,,
1,0,,0.816,0.184,,356100,,
1,0,,0.792,0.208,,454900,,
1,0,,0.994,0.006,,345400,,
1,0,,0.516,0.484,,321100,,
1,0,,0.916,0.084,,434700,,
1,0,,0.928,0.072,,376500,,
1,0,,0.506,0.494,,343300,,
1,0,,0.85,0.15,,379100,,
1,0,,0.754,0.246,,374800,,
1,0,,0.97,0.03,,370200,,
1,0,,0.926,0.074,,365200,,
1,1,,0.308,0.692,,386000,,
1,1,,0.432,0.568,,341400,,
1,0,,0.614,0.386,,434100,,
1,0,,0.894,0.106,,1140100,,
1,0,,0.982,0.018,,620900,,
1,0,,0.612,0.388,,509100,,
1,0,,0.864,0.136,,344000,,
1,0,,0.856,0.144,,378900,,
1,0,,0.734,0.266,,491400,,
1,1,,0.466,0.534,,347100,,
1,0,,0.518,0.482,,525300,,
1,1,,0.23,0.77,,280500,,
1,1,,0.462,0.538,,385300,,
1,0,,0.632,0.368,,393500,,
1,0,,0.536,0.464,,358600,,
1,0,,0.616,0.384,,322400,,
1,1,,0.218,0.782,,248400,,
1,0,,0.916,0.084,,512600,,
1,1,,0.492,0.508,,371300,,
1,0,,0.664,0.336,,331000,,
1,0,,0.656,0.344,,353900,,
1,1,,0.41,0.59,,296600,,
1,1,,0.454,0.546,,276400,,
1,0,,0.538,0.462,,256200,,
1,1,,0.378,0.622,,280700,,
1,0,,0.85,0.15,,417900,,
1,1,,0.412,0.588,,397700,,
1,1,,0.422,0.578,,286100,,
1,1,,0.334,0.666,,387600,,
1,0,,0.75,0.25,,521000,,
1,1,,0.446,0.554,,322300,,
1,1,,0.428,0.572,,369600,,
1,1,,0.356,0.644,,327300,,
1,0,,0.828,0.172,,558800,,
1,0,,0.72,0.28,,486000,,
1,1,,0.354,0.646,,429900,,
1,0,,0.672,0.328,,473200,,
1,1,,0.432,0.568,,289500,,
1,0,,0.768,0.232,,492800,,
1,1,,0.328,0.672,,286100,,
1,0,,0.722,0.278,,497700,,
1,0,,0.724,0.276,,554300,,
1,0,,0.604,0.396,,595100,,
1,0,,0.574,0.426,,742400,,
1,0,,0.544,0.456,,1152800,,
1,1,,0.364,0.636,,562300,,
1,1,,0.398,0.602,,581500,,
1,1,,0.484,0.516,,423400,,
1,1,,0.238,0.762,,209300,,
1,0,,0.98,0.02,,425100,,
1,0,,0.716,0.284,,427900,,
1,0,,0.928,0.072,,506100,,
1,0,,0.894,0.106,,440900,,
1,0,,0.616,0.384,,259500,,
1,1,,0.314,0.686,,252100,,
1,0,,0.748,0.252,,394900,,
1,0,,0.5,0.5,,388500,,
1,1,,0.232,0.768,,201700,,
1,0,,0.89,0.11,,428100,,
1,0,,0.536,0.464,,392700,,
1,0,,0.682,0.318,,339800,,
1,0,,0.504,0.496,,315400,,
1,1,,0.414,0.586,,366800,,
1,0,,0.754,0.246,,529000,,
1,0,,0.656,0.344,,432700,,
1,0,,0.872,0.128,,558300,,
1,0,,0.688,0.312,,356900,,
1,1,,0.43,0.57,,278000,,
1,1,,0.496,0.504,,296800,,
1,0,,0.68,0.32,,442000,,
1,0,,0.696,0.304,,426700,,
1,0,,0.518,0.482,,354400,,
1,0,,0.932,0.068,,433300,,
1,0,,0.596,0.404,,408100,,
1,0,,0.658,0.342,,421500,,
1,1,,0.442,0.558,,354400,,
1,0,,0.77,0.23,,475200,,
1,1,,0.204,0.796,,272100,,
1,0,,0.878,0.122,,478800,,
1,1,,0.366,0.634,,424300,,
1,1,,0.33,0.67,,283600,,
1,0,,0.706,0.294,,507000,,
1,0,,0.53,0.47,,541900,,
1,1,,0.28,0.72,,360900,,
1,0,,0.882,0.118,,468100,,
1,0,,0.73,0.27,,490900,,
1,1,,0.372,0.628,,309700,,
1,0,,0.536,0.464,,382000,,
1,0,,0.726,0.274,,433300,,
1,0,,0.524,0.476,,416300,,
1,1,,0.45,0.55,,360200,,
1,0,,0.766,0.234,,386900,,
1,0,,0.978,0.022,,428200,,
1,0,,0.976,0.024,,430000,,
1,1,,0.376,0.624,,359800,,
1,0,,0.8,0.2,,289600,,
1,1,,0.344,0.656,,349600,,
1,0,,0.512,0.488,,348900,,
1,0,,0.522,0.478,,316700,,
1,1,,0.488,0.512,,358500,,
1,1,,0.446,0.554,,341400,,
1,0,,0.838,0.162,,532400,,
1,0,,0.724,0.276,,455600,,
1,0,,0.93,0.07,,482000,,
1,1,,0.41,0.59,,460100,,
1,0,,0.62,0.38,,430400,,
1,0,,0.836,0.164,,619200,,
1,0,,0.832,0.168,,437000,,
1,0,,0.534,0.466,,557400,,
1,0,,0.654,0.346,,483200,,
1,0,,0.656,0.344,,470900,,
1,1,,0.128,0.872,,337200,,
1,0,,0.514,0.486,,271600,,
1,0,,0.65,0.35,,372100,,
1,1,,0.3,0.7,,381400,,
1,1,,0.48,0.52,,355200,,
1,0,,0.896,0.104,,461000,,
1,0,,0.92,0.08,,363200,,
1,0,,0.844,0.156,,429400,,
1,0,,0.948,0.052,,402100,,
1,1,,0.224,0.776,,199400,,
1,0,,0.546,0.454,,388900,,
1,0,,0.816,0.184,,393300,,
1,0,,0.824,0.176,,384200,,